,관광지명,도로명주소,중분류 카테고리,소분류 카테고리,구군명,구군명(영어)
0,해동용궁사,부산 기장군 용궁길 86-0,역사관광지,절,기장군,Gijang-gun
1,장안사,부산 기장군 장안로 482-0,역사관광지,절,기장군,Gijang-gun
2,아홉산숲,부산 기장군 미동길 37-1,휴양관광지,동식물원,기장군,Gijang-gun
3,국립부산과학관,부산 기장군 동부산관광6로 59-0,문화시설,과학관,기장군,Gijang-gun
4,아난티코브,부산 기장군 기장해안로 268-32,휴양관광지,종합위락시설,기장군,Gijang-gun
5,고리원자력홍보관,부산 기장군,문화시설,박물관/기념관,기장군,Gijang-gun
6,롯데시네마드라이브오시리아,부산 기장군,공연/행사,극장,기장군,Gijang-gun
7,CGV정관,부산 기장군 정관중앙로 45-0,공연/행사,극장,기장군,Gijang-gun
8,국립수산과학관,부산 기장군 기장해안로 216-0,문화시설,과학관,기장군,Gijang-gun
9,해광사,부산 기장군 기장해안로 340-0,역사관광지,절,기장군,Gijang-gun
10,메가박스정관,부산 기장군 정관6로 39-0,공연/행사,극장,기장군,Gijang-gun
11,기장도서관,부산 기장군 차성동로126번길 13-5,문화시설,문화생활시설기타,기장군,Gijang-gun
12,부산 칠드런스 뮤지엄,부산 기장군 기장해안로 172-0,휴양관광지,테마파크,기장군,Gijang-gun
13,고리스포츠문화센터,부산 기장군 해맞이로 454-0,문화시설,문화생활시설기타,기장군,Gijang-gun
14,정관온천,부산 기장군 정관8로 16-5,휴양관광지,온천,기장군,Gijang-gun
15,소원사,부산 기장군 정관중앙로 198-0,역사관광지,절,기장군,Gijang-gun
16,정관도서관,부산 기장군 정관중앙로 138-11,문화시설,문화생활시설기타,기장군,Gijang-gun
17,롯데시네마동부산아울렛,부산 기장군 기장해안로 147-0,공연/행사,극장,기장군,Gijang-gun
18,은진사,부산 기장군 고무로 271-47,역사관광지,절,기장군,Gijang-gun
19,히어로테마파크정관점,부산 기장군 정관중앙로 45-0,휴양관광지,테마파크,기장군,Gijang-gun
20,옥정사,부산 기장군 달음길 101-0,역사관광지,절,기장군,Gijang-gun
21,해동성취사,부산 기장군 일광로 429-0,역사관광지,절,기장군,Gijang-gun
22,안데르센극장,부산 기장군 장안로 211-0,공연/행사,공연장,기장군,Gijang-gun
23,정관박물관,부산 기장군 정관중앙로 122-0,문화시설,박물관/기념관,기장군,Gijang-gun
24,본다빈치스퀘어부산,부산 기장군 기장해안로 98-0,문화시설,화랑/전시관,기장군,Gijang-gun
25,안적사,부산 기장군 내리길 461-16,역사관광지,절,기장군,Gijang-gun
26,카덴96,부산 기장군 기장대로 1075-3,휴양관광지,온천,기장군,Gijang-gun
27,물조은온천,부산 기장군 반송로 1650-0,휴양관광지,온천,기장군,Gijang-gun
28,오랑대,부산 기장군,역사관광지,문화유적지,기장군,Gijang-gun
29,안데르센동화마을,부산 기장군,휴양관광지,놀거리기타,기장군,Gijang-gun
30,용왕당굿당,부산 기장군 기장해안로 767-0,역사관광지,절,기장군,Gijang-gun
31,보림사,부산 기장군,역사관광지,절,기장군,Gijang-gun
32,석탑사,부산 기장군 용수공단2길 70-14,역사관광지,절,기장군,Gijang-gun
33,기장향교,부산 기장군 차성로417번길 35-0,역사관광지,문화유적지,기장군,Gijang-gun
34,묘관음사,부산 기장군 해맞이로 253-38,역사관광지,절,기장군,Gijang-gun
35,백두사,부산 기장군 물방길 98-0,역사관광지,절,기장군,Gijang-gun
36,대라다목적도서관,부산 기장군 차성서로 86-0,문화시설,문화생활시설기타,기장군,Gijang-gun
37,정관어린이도서관,부산 기장군 정관8로 11-0,문화시설,문화생활시설기타,기장군,Gijang-gun
38,금산사,부산 기장군 신리길 17-37,역사관광지,절,기장군,Gijang-gun
39,롯데월드매직포레스트건축중(2022년03월개장예정),부산 기장군,휴양관광지,테마파크,기장군,Gijang-gun
40,기장문화원,부산 기장군 청강로74번길 35-6,문화시설,문화원,기장군,Gijang-gun
41,브릭캠퍼스부산,부산 기장군 동부산관광로 8-0,문화시설,화랑/전시관,기장군,Gijang-gun
42,롯데월드매직포레스트건축중(2022년02월25일개장예정),부산 기장군,휴양관광지,테마파크,기장군,Gijang-gun
43,박태준기념관,부산 기장군 임랑해안길 1-0,문화시설,박물관/기념관,기장군,Gijang-gun
44,가마골소극장,부산 기장군 이천6길 2-0,공연/행사,극장,기장군,Gijang-gun
45,갤러리예동,부산 기장군 미동길 7-20,문화시설,화랑/전시관,기장군,Gijang-gun
46,내리새라도서관,부산 기장군 기장대로 51-0,문화시설,문화생활시설기타,기장군,Gijang-gun
47,아난티워터하우스,부산 기장군 기장해안로 268-32,휴양관광지,온천,기장군,Gijang-gun
48,롯데월드어드벤처부산 건축중(2022년03월31일개장예정),부산 기장군,휴양관광지,테마파크,기장군,Gijang-gun
49,카스인부산,부산 기장군 차성서로 158-12,휴양관광지,수족관,기장군,Gijang-gun
50,척판암,부산 기장군 장안로 490-156,역사관광지,절,기장군,Gijang-gun
51,백운암,부산 기장군 임곡1길 114-0,역사관광지,절,기장군,Gijang-gun
52,국립부산어린이과학관,부산 기장군 동부산관광6로 59-0,문화시설,과학관,기장군,Gijang-gun
53,월명사,부산 기장군 참샘길 124-0,역사관광지,절,기장군,Gijang-gun
54,장안사대웅전,부산 기장군 장안로 482-0,역사관광지,문화유적지,기장군,Gijang-gun
55,기장죽성리왜성,부산 기장군,역사관광지,문화유적지,기장군,Gijang-gun
56,기장군청차성아트홀,부산 기장군 기장대로 560-0,공연/행사,공연장,기장군,Gijang-gun
57,광명사,부산 기장군 정관로 1070-140,역사관광지,절,기장군,Gijang-gun
58,청량사,부산 기장군 임밖길 12-0,역사관광지,절,기장군,Gijang-gun
59,고촌어울림도서관,부산 기장군 고촌로 51-0,문화시설,문화생활시설기타,기장군,Gijang-gun
60,모노플렉스오시리아,부산 기장군 동부산관광로 34-0,공연/행사,극장,기장군,Gijang-gun
61,국립부산어린이과학관건축중(2021년12월개관예정),부산 기장군 동부산관광6로 59-0,문화시설,과학관,기장군,Gijang-gun
62,고불사,부산 기장군 고촌로28번길 77-0,역사관광지,절,기장군,Gijang-gun
63,고반재,부산 기장군 석산길 39-5,문화시설,문화생활시설기타,기장군,Gijang-gun
64,지장암,부산 기장군 임기3길 88-24,역사관광지,절,기장군,Gijang-gun
65,봉림사,부산 기장군 부명1길 20-0,역사관광지,절,기장군,Gijang-gun
66,정암사,부산 기장군 곰내길 379-6,역사관광지,절,기장군,Gijang-gun
67,대천사,부산 기장군 제석골길 89-0,역사관광지,절,기장군,Gijang-gun
68,연암수목원,부산 기장군 철마천로 212-0,휴양관광지,동식물원,기장군,Gijang-gun
69,동림사,부산 기장군 기장대로 143-12,역사관광지,절,기장군,Gijang-gun
70,기장죽성리해송,부산 기장군 두호2길 20-0,역사관광지,문화유적지,기장군,Gijang-gun
71,극락암,부산 기장군 철마로 425-0,역사관광지,절,기장군,Gijang-gun
72,수도암,부산 기장군 홍류길 44-0,역사관광지,절,기장군,Gijang-gun
73,방곡사,부산 기장군 구연방곡로 87-0,역사관광지,절,기장군,Gijang-gun
74,꿈꾸는공방,부산 기장군 가동2길 4-0,문화시설,문화생활시설기타,기장군,Gijang-gun
75,원적사,부산 기장군 장곡길 63-34,역사관광지,절,기장군,Gijang-gun
76,초암사,부산 기장군 동서길 79-57,역사관광지,절,기장군,Gijang-gun
77,휴심사,부산 기장군 일광로 493-47,역사관광지,절,기장군,Gijang-gun
78,갤러리후아,부산 기장군 곰내길 242-0,문화시설,문화생활시설기타,기장군,Gijang-gun
79,보원사,부산 기장군 양수길 7-11,역사관광지,절,기장군,Gijang-gun
80,도선사,부산 기장군 상곡길 116-0,역사관광지,절,기장군,Gijang-gun
81,선바위유원지,부산 기장군,휴양관광지,유원지,기장군,Gijang-gun
82,고려암,부산 기장군 화전2길 51-0,역사관광지,절,기장군,Gijang-gun
83,덕주사,부산 기장군 장곡길 63-10,역사관광지,절,기장군,Gijang-gun
84,수효사,부산 기장군 방모산2길 20-23,역사관광지,절,기장군,Gijang-gun
85,대성사,부산 기장군 달음길 30-18,역사관광지,절,기장군,Gijang-gun
86,횡금사,부산 기장군 곡천길 286-320,역사관광지,절,기장군,Gijang-gun
87,기장도예관,부산 기장군 임랑해안길 82-0,문화시설,화랑/전시관,기장군,Gijang-gun
88,원효대,부산 기장군 상곡길 45-8,역사관광지,절,기장군,Gijang-gun
89,묘법사,부산 기장군,역사관광지,절,기장군,Gijang-gun
90,국립부산어린이과학관건축중(2022년1월개관예정),부산 기장군 동부산관광6로 59-0,문화시설,과학관,기장군,Gijang-gun
91,장안요,부산 기장군 하장안1길 24-0,문화시설,문화생활시설기타,기장군,Gijang-gun
92,약수정사,부산 기장군 이화로 109-29,역사관광지,절,기장군,Gijang-gun
93,용주사,부산 기장군 일광로 435-6,역사관광지,절,기장군,Gijang-gun
94,시연갤러리,부산 기장군 구연방곡로 91-0,문화시설,전시장,기장군,Gijang-gun
95,대덕사,부산 기장군 갑골길 14-10,역사관광지,절,기장군,Gijang-gun
96,예홈동부산전시장,부산 기장군 기장해안로 118-0,문화시설,전시장,기장군,Gijang-gun
97,백련암,부산 기장군 장안로 490-75,역사관광지,절,기장군,Gijang-gun
98,약수암,부산 기장군 달음산길 10-0,역사관광지,절,기장군,Gijang-gun
99,광덕사,부산 기장군 칠암3길 66-0,역사관광지,절,기장군,Gijang-gun
100,정토사,부산 기장군 차성로249번길 50-0,역사관광지,절,기장군,Gijang-gun
101,대승사,부산 기장군 양수1길 67-0,역사관광지,절,기장군,Gijang-gun
102,미황사,부산 기장군 내리길 80-56,역사관광지,절,기장군,Gijang-gun
103,상선암,부산 기장군 와여1길 37-0,역사관광지,절,기장군,Gijang-gun
104,월성사,부산 기장군 월내2길 88-0,역사관광지,절,기장군,Gijang-gun
105,보명사,부산 기장군 차성서로101번길 27-0,역사관광지,절,기장군,Gijang-gun
106,옥남사,부산 기장군 오리길 420-32,역사관광지,절,기장군,Gijang-gun
107,청광식물원,부산 기장군,휴양관광지,동식물원,기장군,Gijang-gun
108,대도사,부산 기장군 상곡길 70-0,역사관광지,절,기장군,Gijang-gun
109,보덕사,부산 기장군 기장대로 1303-38,역사관광지,절,기장군,Gijang-gun
110,무궁사,부산 기장군 청원길 215-13,역사관광지,절,기장군,Gijang-gun
111,해강수석전시관,부산 기장군 일광로 261-0,문화시설,화랑/전시관,기장군,Gijang-gun
112,용소농원,부산 기장군 기장대로 1627-0,휴양관광지,동식물원,기장군,Gijang-gun
113,공명암,부산 기장군 삼성길 10-24,역사관광지,절,기장군,Gijang-gun
114,청광사,부산 기장군 고촌로18번길 10-0,역사관광지,절,기장군,Gijang-gun
115,극락암,부산 기장군 용궁길 44-59,역사관광지,절,기장군,Gijang-gun
116,용두사,부산 기장군 갑골길 14-10,역사관광지,절,기장군,Gijang-gun
117,연화산해광사,부산 기장군 기장해안로 340-0,역사관광지,절,기장군,Gijang-gun
118,아람농원,부산 기장군 백운산길 63-0,휴양관광지,동식물원,기장군,Gijang-gun
119,오송암,부산 기장군 대청로36번길 18-0,역사관광지,절,기장군,Gijang-gun
120,용궁암,부산 기장군 판곡길 15-8,역사관광지,절,기장군,Gijang-gun
121,이연주갤러리,부산 기장군 동암해안길 6-0,문화시설,화랑/전시관,기장군,Gijang-gun
122,봉화사,부산 기장군 월내4길 49-18,역사관광지,절,기장군,Gijang-gun
123,갤러리이,부산 기장군 철마로 513-0,문화시설,화랑/전시관,기장군,Gijang-gun
124,기장읍성,부산 기장군 읍내로104번길 19-0,역사관광지,문화유적지,기장군,Gijang-gun
125,약수선원,부산 기장군 석산길 99-0,역사관광지,절,기장군,Gijang-gun
126,구월정사,부산 기장군 중리1길 22-19,역사관광지,절,기장군,Gijang-gun
127,봉화암,부산 기장군,역사관광지,절,기장군,Gijang-gun
128,원력사,부산 기장군 임곡1길 48-5,역사관광지,절,기장군,Gijang-gun
129,칠암작은도서관,부산 기장군 문오성길 485-5,문화시설,문화생활시설기타,기장군,Gijang-gun
130,금선사,부산 기장군 신평1길 32-68,역사관광지,절,기장군,Gijang-gun
131,임씨농장,부산 기장군 선암길 58-7,휴양관광지,동식물원,기장군,Gijang-gun
132,일광사,부산 기장군 이천8길 64-7,역사관광지,절,기장군,Gijang-gun
133,심우정사,부산 기장군 반룡1길 16-0,역사관광지,절,기장군,Gijang-gun
134,성주암,부산 기장군 웅상대로 636-7,역사관광지,절,기장군,Gijang-gun
135,위드에블린,부산 기장군 모전2길 21-0,문화시설,문화생활시설기타,기장군,Gijang-gun
136,해용사,부산 기장군 기장해안로 635-0,역사관광지,절,기장군,Gijang-gun
137,백운선원,부산 기장군 내리길 65-7,역사관광지,절,기장군,Gijang-gun
138,능엄사,부산 기장군 반송로 1305-28,역사관광지,절,기장군,Gijang-gun
139,영일암,부산 기장군 기장해안로 233-1,역사관광지,절,기장군,Gijang-gun
140,금광사,부산 기장군 임곡1길 197-0,역사관광지,절,기장군,Gijang-gun
141,보광사,부산 기장군 정관상곡2길 33-124,역사관광지,절,기장군,Gijang-gun
142,장관청,부산 기장군 읍내로68번길 23-1,역사관광지,문화유적지,기장군,Gijang-gun
143,동백농원,부산 기장군 정관로 49-42,휴양관광지,동식물원,기장군,Gijang-gun
144,학림사,부산 기장군 일광로 285-7,역사관광지,절,기장군,Gijang-gun
145,법화사,부산 기장군 병산로 0-0,역사관광지,절,기장군,Gijang-gun
146,관음암,부산 기장군 산수곡길 102-0,역사관광지,절,기장군,Gijang-gun
147,낙안사,부산 기장군 강변길 10-0,역사관광지,절,기장군,Gijang-gun
148,의열사,부산 기장군 와여1길 28-21,역사관광지,절,기장군,Gijang-gun
149,일광사,부산 기장군 원당길 9-29,역사관광지,절,기장군,Gijang-gun
150,백운산관음암,부산 기장군 양수길 56-14,역사관광지,절,기장군,Gijang-gun
151,약사암,부산 기장군 동서길 79-11,역사관광지,절,기장군,Gijang-gun
152,원효암,부산 기장군 상곡길 45-8,역사관광지,절,기장군,Gijang-gun
153,BEXCO,부산 해운대구 APEC로 55-0,문화시설,전시장,해운대구,Haeundae-gu
154,더베이101,부산 해운대구 동백로 52-0,문화시설,문화생활시설기타,해운대구,Haeundae-gu
155,SEA LIFE 부산아쿠아리움,부산 해운대구 해운대해변로 266-0,휴양관광지,수족관,해운대구,Haeundae-gu
156,벡스코제2전시장,부산 해운대구 APEC로 30-0,문화시설,전시장,해운대구,Haeundae-gu
157,부산광역시립반송도서관,부산 해운대구 아랫반송로 22-0,문화시설,문화생활시설기타,해운대구,Haeundae-gu
158,영화의전당,부산 해운대구 수영강변대로 120-0,공연/행사,극장,해운대구,Haeundae-gu
159,해운대수목원,부산 해운대구,휴양관광지,동식물원,해운대구,Haeundae-gu
160,해운대구문화복합센터,부산 해운대구 센텀중앙로 170-0,문화시설,문화생활시설기타,해운대구,Haeundae-gu
161,부산시립미술관,부산 해운대구 APEC로 58-0,문화시설,미술관,해운대구,Haeundae-gu
162,뮤지엄다,부산 해운대구 센텀서로 20-0,문화시설,미술관,해운대구,Haeundae-gu
163,롯데시네마프리미엄해운대,부산 해운대구 해운대로 802-0,공연/행사,극장,해운대구,Haeundae-gu
164,해리단길,부산 해운대구,휴양관광지,놀거리기타,해운대구,Haeundae-gu
165,CGV해운대,부산 해운대구 해운대로 620-0,공연/행사,극장,해운대구,Haeundae-gu
166,해운대블루라인파크,부산 해운대구,휴양관광지,테마파크,해운대구,Haeundae-gu
167,해운대도서관본관,부산 해운대구 양운로 183-0,문화시설,문화생활시설기타,해운대구,Haeundae-gu
168,반여도서관,부산 해운대구 재반로282번길 38-0,문화시설,문화생활시설기타,해운대구,Haeundae-gu
169,키자니아부산점,부산 해운대구 센텀4로 15-0,휴양관광지,놀이시설,해운대구,Haeundae-gu
170,해운정사,부산 해운대구 우동2로 40-6,역사관광지,절,해운대구,Haeundae-gu
171,CGV센텀시티,부산 해운대구 센텀남대로 35-0,공연/행사,극장,해운대구,Haeundae-gu
172,해운대온천센터,부산 해운대구 중동2로 16-0,휴양관광지,온천,해운대구,Haeundae-gu
173,벡스코오디토리움,부산 해운대구 APEC로 55-0,문화시설,전시장,해운대구,Haeundae-gu
174,롯데시네마센텀시티,부산 해운대구 센텀남대로 59-0,공연/행사,극장,해운대구,Haeundae-gu
175,소향씨어터신한카드홀,부산 해운대구 센텀중앙로 55-0,공연/행사,공연장,해운대구,Haeundae-gu
176,해운대인문학도서관,부산 해운대구 반여로 132-0,문화시설,문화생활시설기타,해운대구,Haeundae-gu
177,부산송정역폐역,부산 해운대구 송정중앙로8번길 60-0,역사관광지,문화유적지,해운대구,Haeundae-gu
178,재송어린이도서관,부산 해운대구 해운대로76번길 35-1,문화시설,문화생활시설기타,해운대구,Haeundae-gu
179,센텀시티스파랜드,부산 해운대구 센텀남대로 35-0,휴양관광지,온천,해운대구,Haeundae-gu
180,성불사,부산 해운대구 해운대로383번길 270-0,역사관광지,절,해운대구,Haeundae-gu
181,아세안문화원,부산 해운대구 좌동로 162-0,문화시설,문화원,해운대구,Haeundae-gu
182,추리문학관,부산 해운대구 달맞이길117번나길 111-0,문화시설,문화생활시설기타,해운대구,Haeundae-gu
183,뮤지엄원,부산 해운대구 센텀서로 20-0,문화시설,미술관,해운대구,Haeundae-gu
184,해운대도서관우동분관,부산 해운대구 우동1로 89-0,문화시설,문화생활시설기타,해운대구,Haeundae-gu
185,조현화랑,부산 해운대구 달맞이길65번길 171-0,문화시설,화랑/전시관,해운대구,Haeundae-gu
186,메가박스해운대,부산 해운대구 해운대로 813-0,공연/행사,극장,해운대구,Haeundae-gu
187,부산영화의거리,부산 해운대구,휴양관광지,놀거리기타,해운대구,Haeundae-gu
188,할매탕,부산 해운대구 중동2로10번길 7-0,휴양관광지,온천,해운대구,Haeundae-gu
189,수도암,부산 해운대구 해운대로383번가길 117-120,역사관광지,절,해운대구,Haeundae-gu
190,해운대동백섬,부산 해운대구,역사관광지,문화유적지,해운대구,Haeundae-gu
191,하늘연극장영화의전당,부산 해운대구 수영강변대로 120-0,공연/행사,극장,해운대구,Haeundae-gu
192,해월정사,부산 해운대구 청사포로67번길 19-0,역사관광지,절,해운대구,Haeundae-gu
193,컨벤션홀BEXCO,부산 해운대구,문화시설,전시장,해운대구,Haeundae-gu
194,벡스코상상체험키즈월드,부산 해운대구 APEC로 30-0,휴양관광지,놀이시설,해운대구,Haeundae-gu
195,고은사진미술관,부산 해운대구 해운대로452번길 16-0,문화시설,미술관,해운대구,Haeundae-gu
196,해운대로데오거리,부산 해운대구,휴양관광지,놀거리기타,해운대구,Haeundae-gu
197,폭포사,부산 해운대구 장산로 331-112,역사관광지,절,해운대구,Haeundae-gu
198,동해사,부산 해운대구 달맞이길117번나길 175-32,역사관광지,절,해운대구,Haeundae-gu
199,맥화랑,부산 해운대구 달맞이길117번나길 162-0,문화시설,화랑/전시관,해운대구,Haeundae-gu
200,광안대로전시관,부산 해운대구 수영강변대로 203-0,문화시설,화랑/전시관,해운대구,Haeundae-gu
201,안심정사부산달맞이법당,부산 해운대구 달맞이길117번다길 149-0,역사관광지,절,해운대구,Haeundae-gu
202,적조암,부산 해운대구,역사관광지,절,해운대구,Haeundae-gu
203,해림사,부산 해운대구 반여로 68-38,역사관광지,절,해운대구,Haeundae-gu
204,약수암,부산 해운대구 해운대로383번가길 117-55,역사관광지,절,해운대구,Haeundae-gu
205,월석아트홀,부산 해운대구 센텀서로 20-0,문화시설,화랑/전시관,해운대구,Haeundae-gu
206,갤러리조이,부산 해운대구 달맞이길65번길 56-0,문화시설,화랑/전시관,해운대구,Haeundae-gu
207,원오사,부산 해운대구 윗반송로 124-5,역사관광지,절,해운대구,Haeundae-gu
208,옥천사,부산 해운대구 재반로64번길 62-0,역사관광지,절,해운대구,Haeundae-gu
209,수아트홀,부산 해운대구 중동1로19번길 14-0,공연/행사,공연장,해운대구,Haeundae-gu
210,해운대청년채움공간,부산 해운대구 센텀동로 200-0,문화시설,문화생활시설기타,해운대구,Haeundae-gu
211,대광명사,부산 해운대구 좌동순환로 473-0,역사관광지,절,해운대구,Haeundae-gu
212,리빈갤러리,부산 해운대구 좌동로63번길 23-0,문화시설,화랑/전시관,해운대구,Haeundae-gu
213,석대암,부산 해운대구 반송로623번길 56-1,역사관광지,절,해운대구,Haeundae-gu
214,해영사,부산 해운대구 좌동순환로 22-0,역사관광지,절,해운대구,Haeundae-gu
215,개운사,부산 해운대구 반송로877번길 104-0,역사관광지,절,해운대구,Haeundae-gu
216,쿠무다,부산 해운대구 송정광어골로 41-0,문화시설,문화생활시설기타,해운대구,Haeundae-gu
217,금수암,부산 해운대구 재반로30번가길 6-0,역사관광지,절,해운대구,Haeundae-gu
218,느티나무도서관,부산 해운대구 윗반송로 57-0,문화시설,문화생활시설기타,해운대구,Haeundae-gu
219,보경사,부산 해운대구 반송순환로72번길 12-5,역사관광지,절,해운대구,Haeundae-gu
220,백운사,부산 해운대구 운봉길 315-0,역사관광지,절,해운대구,Haeundae-gu
221,아트소향,부산 해운대구 센텀중앙로 55-0,문화시설,화랑/전시관,해운대구,Haeundae-gu
222,해운대문화놀이센터,부산 해운대구 반송순환로 147-0,문화시설,문화생활시설기타,해운대구,Haeundae-gu
223,KNN시어터,부산 해운대구 센텀서로 30-0,공연/행사,공연장,해운대구,Haeundae-gu
224,뮤지엄오브일루전,부산 해운대구 수영강변대로 120-0,문화시설,미술관,해운대구,Haeundae-gu
225,해운대온천,부산 해운대구 중동1로 46-0,휴양관광지,온천,해운대구,Haeundae-gu
226,재송2동어르신일자리문화센터,부산 해운대구 재반로103번길 41-0,문화시설,문화생활시설기타,해운대구,Haeundae-gu
227,더브릿지,부산 해운대구 해운대해변로209번가길 29-1,문화시설,문화생활시설기타,해운대구,Haeundae-gu
228,소울아트스페이스,부산 해운대구 해운대해변로 30-0,문화시설,화랑/전시관,해운대구,Haeundae-gu
229,대한불교조계종원각사,부산 해운대구 장산로 427-291,역사관광지,절,해운대구,Haeundae-gu
230,반여1동문화센터,부산 해운대구 선수촌로 99-7,문화시설,문화생활시설기타,해운대구,Haeundae-gu
231,카린,부산 해운대구 달맞이길65번길 154-0,문화시설,화랑/전시관,해운대구,Haeundae-gu
232,지륜심인당,부산 해운대구 좌동순환로468번가길 12-0,역사관광지,절,해운대구,Haeundae-gu
233,석태암,부산 해운대구 장산로 331-79,역사관광지,절,해운대구,Haeundae-gu
234,길상사,부산 해운대구 해운대로469번길 180-0,역사관광지,절,해운대구,Haeundae-gu
235,두타사,부산 해운대구 달맞이길 495-0,역사관광지,절,해운대구,Haeundae-gu
236,한국문화센터,부산 해운대구 양운로 98-0,문화시설,문화생활시설기타,해운대구,Haeundae-gu
237,용수사,부산 해운대구 아랫반송로70번길 72-0,역사관광지,절,해운대구,Haeundae-gu
238,반야선원,부산 해운대구 세실로 87-0,역사관광지,절,해운대구,Haeundae-gu
239,해월사,부산 해운대구 해운대로383번길 191-0,역사관광지,절,해운대구,Haeundae-gu
240,미륵암,부산 해운대구 좌동순환로468번가길 49-0,역사관광지,절,해운대구,Haeundae-gu
241,무주사,부산 해운대구 반송순환로184번길 16-0,역사관광지,절,해운대구,Haeundae-gu
242,반송삼절사,부산 해운대구 신반송로182번길 24-0,역사관광지,문화유적지,해운대구,Haeundae-gu
243,부산시립어린이미술관,부산 해운대구 APEC로 58-0,문화시설,미술관,해운대구,Haeundae-gu
244,대운사,부산 해운대구 송정광어골로 62-0,역사관광지,절,해운대구,Haeundae-gu
245,해운대문화원,부산 해운대구 센텀중앙로 170-0,문화시설,문화원,해운대구,Haeundae-gu
246,갤러리하이,부산 해운대구 재반로27번길 36-13,문화시설,화랑/전시관,해운대구,Haeundae-gu
247,정맹룡도예공방,부산 해운대구 좌동로53번길 17-0,문화시설,문화생활시설기타,해운대구,Haeundae-gu
248,고려온천탕,부산 해운대구 중동1로19번길 24-0,휴양관광지,온천,해운대구,Haeundae-gu
249,혜연사,부산 해운대구 달맞이길 511-0,역사관광지,절,해운대구,Haeundae-gu
250,레디움아트센터,부산 해운대구 해운대해변로298번길 24-0,문화시설,화랑/전시관,해운대구,Haeundae-gu
251,화엄법계사,부산 해운대구 재반로12번길 28-0,역사관광지,절,해운대구,Haeundae-gu
252,작은인문학도서관,부산 해운대구 센텀중앙로 170-0,문화시설,문화생활시설기타,해운대구,Haeundae-gu
253,도자공방가원,부산 해운대구 달맞이길117번가길 30-0,문화시설,문화생활시설기타,해운대구,Haeundae-gu
254,라이크휩크림,부산 해운대구 APEC로 17-0,문화시설,문화생활시설기타,해운대구,Haeundae-gu
255,갤러리아트숲,부산 해운대구 청사포로 85-0,문화시설,화랑/전시관,해운대구,Haeundae-gu
256,혜광사,부산 해운대구 반송로 559-2,역사관광지,절,해운대구,Haeundae-gu
257,부처님마을,부산 해운대구 좌동로 152-0,역사관광지,절,해운대구,Haeundae-gu
258,부산프랑스문화원아트스페이스,부산 해운대구 해운대로452번길 16-0,문화시설,전시장,해운대구,Haeundae-gu
259,청혜원,부산 해운대구 반여로 172-0,역사관광지,절,해운대구,Haeundae-gu
260,반여화훼단지,부산 해운대구 선수촌로 290-0,휴양관광지,동식물원,해운대구,Haeundae-gu
261,솔밭예술마을,부산 해운대구 중동1로17번길 15-14,문화시설,문화생활시설기타,해운대구,Haeundae-gu
262,아뜰리에BB,부산 해운대구 우동1로20번길 5-0,문화시설,문화생활시설기타,해운대구,Haeundae-gu
263,반여3동새마을문고,부산 해운대구 재반로256번길 29-70,문화시설,문화생활시설기타,해운대구,Haeundae-gu
264,이듬갤러리,부산 해운대구 달맞이길117번길 53-0,문화시설,화랑/전시관,해운대구,Haeundae-gu
265,장천사,부산 해운대구,역사관광지,절,해운대구,Haeundae-gu
266,보리선수송정약사선원,부산 해운대구 송정강변로 3-0,역사관광지,절,해운대구,Haeundae-gu
267,경덕염불원,부산 해운대구 우동2로30번길 33-0,역사관광지,절,해운대구,Haeundae-gu
268,예현기타아카데미,부산 해운대구 좌동로 152-0,문화시설,문화생활시설기타,해운대구,Haeundae-gu
269,법륜사,부산 해운대구 우동2로60번길 15-0,역사관광지,절,해운대구,Haeundae-gu
270,추리문학도서관,부산 해운대구 달맞이길117번나길 111-0,문화시설,문화생활시설기타,해운대구,Haeundae-gu
271,데이트갤러리,부산 해운대구 해운대해변로298번길 5-0,문화시설,화랑/전시관,해운대구,Haeundae-gu
272,갤러리화인,부산 해운대구 달맞이길117번길 53-0,문화시설,화랑/전시관,해운대구,Haeundae-gu
273,해운대석각,부산 해운대구,역사관광지,문화유적지,해운대구,Haeundae-gu
274,Agate,부산 해운대구 좌동순환로 118-0,문화시설,문화생활시설기타,해운대구,Haeundae-gu
275,마린갤러리,부산 해운대구 달맞이길65번길 56-0,문화시설,화랑/전시관,해운대구,Haeundae-gu
276,파라다이스호텔온천,부산 해운대구 해운대해변로 296-0,휴양관광지,온천,해운대구,Haeundae-gu
277,장산불교용품점,부산 해운대구 좌동순환로446번길 12-0,역사관광지,절,해운대구,Haeundae-gu
278,미술관아트숍,부산 해운대구 APEC로 58-0,문화시설,미술관,해운대구,Haeundae-gu
279,부산스마트시티전시관,부산 해운대구 센텀동로 41-0,문화시설,화랑/전시관,해운대구,Haeundae-gu
280,보리선수해운대약사선원,부산 해운대구 좌동로 88-0,역사관광지,절,해운대구,Haeundae-gu
281,청풍온천탕,부산 해운대구,휴양관광지,온천,해운대구,Haeundae-gu
282,금천미술관,부산 해운대구 좌동순환로15번길 23-36,문화시설,화랑/전시관,해운대구,Haeundae-gu
283,퀸즈아트갤러리,부산 해운대구 해운대로 632-0,문화시설,화랑/전시관,해운대구,Haeundae-gu
284,반여4동새마을문고,부산 해운대구 삼어로133번길 50-0,문화시설,문화생활시설기타,해운대구,Haeundae-gu
285,주천문화원,부산 해운대구 좌동순환로 25-1,문화시설,문화원,해운대구,Haeundae-gu
286,현엄사,부산 해운대구 운봉길186번길 46-0,역사관광지,절,해운대구,Haeundae-gu
287,도성암,부산 해운대구 송정중앙로21번길 56-0,역사관광지,절,해운대구,Haeundae-gu
288,유연선원,부산 해운대구 마린시티3로 1-0,역사관광지,절,해운대구,Haeundae-gu
289,해운대도서관평생학습마을,부산 해운대구 좌동순환로 118-0,문화시설,문화생활시설기타,해운대구,Haeundae-gu
290,이음,부산 해운대구 반여로155번나길 50-0,문화시설,화랑/전시관,해운대구,Haeundae-gu
291,용국사,부산 해운대구 재반로50번길 31-13,역사관광지,절,해운대구,Haeundae-gu
292,혜림정사,부산 해운대구 달맞이길117번다길 179-0,역사관광지,절,해운대구,Haeundae-gu
293,해변도서관,부산 해운대구 해운대해변로 264-0,문화시설,문화생활시설기타,해운대구,Haeundae-gu
294,벡스코제3전시장 건축중(2024년완공예정),부산 해운대구,문화시설,전시장,해운대구,Haeundae-gu
295,임권택영화박물관,부산 해운대구 센텀중앙로 55-0,문화시설,박물관/기념관,해운대구,Haeundae-gu
296,꿀비공방,부산 해운대구 해운대로 658-4,문화시설,문화생활시설기타,해운대구,Haeundae-gu
297,가나부산,부산 해운대구 해운대해변로 292-0,문화시설,화랑/전시관,해운대구,Haeundae-gu
298,심불사,부산 해운대구 해운대로205번길 12-0,역사관광지,절,해운대구,Haeundae-gu
299,숨갤러리,부산 해운대구 달맞이길65번길 161-8,문화시설,전시장,해운대구,Haeundae-gu
300,관음정사,부산 해운대구 해운대로469번가길 47-0,역사관광지,절,해운대구,Haeundae-gu
301,용수사,부산 해운대구 해운대로383번가길 117-15,역사관광지,절,해운대구,Haeundae-gu
302,최치원선생비,부산 해운대구 동백로 99-0,문화시설,박물관/기념관,해운대구,Haeundae-gu
303,운주사,부산 해운대구 운봉길 168-0,역사관광지,절,해운대구,Haeundae-gu
304,BMW Photo Space,부산 해운대구 해운대해변로 299-0,문화시설,전시장,해운대구,Haeundae-gu
305,혜성사,부산 해운대구 반송순환로 160-1,역사관광지,절,해운대구,Haeundae-gu
306,푸룻푸룻아일랜드,부산 해운대구 해운대해변로298번길 25-0,문화시설,화랑/전시관,해운대구,Haeundae-gu
307,최장호갤러리,부산 해운대구 좌동순환로 443-0,문화시설,화랑/전시관,해운대구,Haeundae-gu
308,장약암,부산 해운대구 선수촌로208번가길 78-0,역사관광지,절,해운대구,Haeundae-gu
309,관음사,부산 해운대구 아랫반송로50번길 75-11,역사관광지,절,해운대구,Haeundae-gu
310,진언불교,부산 해운대구 운봉길186번길 46-0,역사관광지,절,해운대구,Haeundae-gu
311,시네마테크부산,부산 해운대구 수영강변대로 120-0,공연/행사,극장,해운대구,Haeundae-gu
312,태종대,부산 영도구 전망로 24-0,역사관광지,문화유적지,영도구,Yeongdo-gu
313,국립해양박물관,부산 영도구 해양로301번길 45-0,문화시설,박물관/기념관,영도구,Yeongdo-gu
314,피아크,부산 영도구 해양로195번길 180-0,문화시설,문화생활시설기타,영도구,Yeongdo-gu
315,영도조내기고구마역사기념관,부산 영도구 벚꽃길 75-0,문화시설,박물관/기념관,영도구,Yeongdo-gu
316,태종대온천,부산 영도구 태종로 808-0,휴양관광지,온천,영도구,Yeongdo-gu
317,복천사,부산 영도구 산정길 41-0,역사관광지,절,영도구,Yeongdo-gu
318,영도도서관,부산 영도구 함지로79번길 6-0,문화시설,문화생활시설기타,영도구,Yeongdo-gu
319,한마음선원부산지원,부산 영도구 함지로79번길 23-26,역사관광지,절,영도구,Yeongdo-gu
320,미룡사,부산 영도구 동삼남로 11-0,역사관광지,절,영도구,Yeongdo-gu
321,삼진어묵체험역사관,부산 영도구 태종로99번길 36-0,문화시설,전시장,영도구,Yeongdo-gu
322,영도놀이마루,부산 영도구 와치로 259-0,문화시설,문화생활시설기타,영도구,Yeongdo-gu
323,영도도서관남항분관,부산 영도구 절영로 71-0,문화시설,문화생활시설기타,영도구,Yeongdo-gu
324,흰여울문화마을거점센터,부산 영도구 해안산책길 52-0,문화시설,문화생활시설기타,영도구,Yeongdo-gu
325,동삼동패총전시관,부산 영도구 태종로 729-0,문화시설,화랑/전시관,영도구,Yeongdo-gu
326,호국관음사,부산 영도구 산제당길 137-0,역사관광지,절,영도구,Yeongdo-gu
327,관음정사,부산 영도구 태종로 813-31,역사관광지,절,영도구,Yeongdo-gu
328,한국해양수산개발원해양수산정보센터,부산 영도구 해양로301번길 26-0,문화시설,문화생활시설기타,영도구,Yeongdo-gu
329,해련사,부산 영도구 벚꽃길 117-0,역사관광지,절,영도구,Yeongdo-gu
330,국립해양박물관해양도서관,부산 영도구 해양로301번길 45-0,문화시설,문화생활시설기타,영도구,Yeongdo-gu
331,태종사,부산 영도구 전망로 119-0,역사관광지,절,영도구,Yeongdo-gu
332,백련사,부산 영도구 절영로 257-0,역사관광지,절,영도구,Yeongdo-gu
333,깡깡이생활문화센터,부산 영도구 대평로27번길 8-8,문화시설,문화생활시설기타,영도구,Yeongdo-gu
334,영화사,부산 영도구 비나리길 30-0,역사관광지,절,영도구,Yeongdo-gu
335,선박박물관,부산 영도구 해양로195번길 30-0,문화시설,박물관/기념관,영도구,Yeongdo-gu
336,무진선원,부산 영도구 함지로 6-0,역사관광지,절,영도구,Yeongdo-gu
337,대흥사,부산 영도구 금잔디길 5-0,역사관광지,절,영도구,Yeongdo-gu
338,선암사,부산 영도구 본산로 37-0,역사관광지,절,영도구,Yeongdo-gu
339,순직선원위령탑,부산 영도구 태종로793번길 32-0,역사관광지,탑,영도구,Yeongdo-gu
340,대법사,부산 영도구 산제당길 127-0,역사관광지,절,영도구,Yeongdo-gu
341,봉래산영광사,부산 영도구 산제당길 226-0,역사관광지,절,영도구,Yeongdo-gu
342,영선사,부산 영도구 절영로 281-0,역사관광지,절,영도구,Yeongdo-gu
343,끄티,부산 영도구 해양로111번길 32-0,공연/행사,공연장,영도구,Yeongdo-gu
344,영도문화원,부산 영도구 함지로79번길 6-0,문화시설,문화원,영도구,Yeongdo-gu
345,어울림마당작은도서관,부산 영도구 청학남로13번길 18-0,문화시설,문화생활시설기타,영도구,Yeongdo-gu
346,복전심인당,부산 영도구 대교로14번길 21-8,역사관광지,절,영도구,Yeongdo-gu
347,황해사,부산 영도구 와치로 136-0,역사관광지,절,영도구,Yeongdo-gu
348,법융사,부산 영도구 태종로833번길 55-0,역사관광지,절,영도구,Yeongdo-gu
349,현성사,부산 영도구 와치로27번길 3-0,역사관광지,절,영도구,Yeongdo-gu
350,대한불교조계종대원사,부산 영도구 중리로 23-6,역사관광지,절,영도구,Yeongdo-gu
351,깡깡이마을박물관,부산 영도구 대평로27번길 8-8,문화시설,박물관/기념관,영도구,Yeongdo-gu
352,발원사,부산 영도구 와치로 310-78,역사관광지,절,영도구,Yeongdo-gu
353,송남원,부산 영도구 와치로 59-0,역사관광지,절,영도구,Yeongdo-gu
354,다보사,부산 영도구 신선초롱길 54-0,역사관광지,절,영도구,Yeongdo-gu
355,깡깡이생활문화센터,부산 영도구 대평로27번길 6-0,문화시설,문화생활시설기타,영도구,Yeongdo-gu
356,법화사,부산 영도구 중복길 490-0,역사관광지,절,영도구,Yeongdo-gu
357,남항작은도서관,부산 영도구 절영로 71-0,문화시설,문화생활시설기타,영도구,Yeongdo-gu
358,금불사,부산 영도구 동삼로68번길 13-0,역사관광지,절,영도구,Yeongdo-gu
359,미륵암,부산 영도구 와치로161번길 7-0,역사관광지,절,영도구,Yeongdo-gu
360,봉정사,부산 영도구 벚꽃길1번길 21-0,역사관광지,절,영도구,Yeongdo-gu
361,자원암,부산 영도구 일산봉로 82-1,역사관광지,절,영도구,Yeongdo-gu
362,불각사,부산 영도구 웃서발로4번길 70-0,역사관광지,절,영도구,Yeongdo-gu
363,구명사,부산 영도구 전망로 316-0,역사관광지,절,영도구,Yeongdo-gu
364,연봉사,부산 영도구 청학남로 34-1,역사관광지,절,영도구,Yeongdo-gu
365,삼밀사,부산 영도구 한사랑길 109-0,역사관광지,절,영도구,Yeongdo-gu
366,용석사,부산 영도구 청학서로65번길 14-0,역사관광지,절,영도구,Yeongdo-gu
367,영선사,부산 영도구 에움길 78-0,역사관광지,절,영도구,Yeongdo-gu
368,법성사,부산 영도구 동삼남로31번길 9-9,역사관광지,절,영도구,Yeongdo-gu
369,용화사,부산 영도구 동삼남로 38-10,역사관광지,절,영도구,Yeongdo-gu
370,금수사,부산 영도구 청학북로 3-0,역사관광지,절,영도구,Yeongdo-gu
371,정해사,부산 영도구 와치로161번길 31-3,역사관광지,절,영도구,Yeongdo-gu
372,범어사,부산 금정구 범어사로 250-0,역사관광지,절,금정구,Geumjeong-gu
373,홍법사,부산 금정구 두구로33번길 202-0,역사관광지,절,금정구,Geumjeong-gu
374,금정도서관,부산 금정구 금정도서관로 33-0,문화시설,문화생활시설기타,금정구,Geumjeong-gu
375,금정산성,부산 금정구,역사관광지,성,금정구,Geumjeong-gu
376,롯데시네마오투,부산 금정구 중앙대로 1607-0,공연/행사,극장,금정구,Geumjeong-gu
377,금정산성동문,부산 금정구,역사관광지,문화유적지,금정구,Geumjeong-gu
378,금샘도서관,부산 금정구 기찰로 94-0,문화시설,문화생활시설기타,금정구,Geumjeong-gu
379,안국선원,부산 금정구 금단로 124-0,역사관광지,절,금정구,Geumjeong-gu
380,금정산부곡온천,부산 금정구 수림로20번길 36-0,휴양관광지,온천,금정구,Geumjeong-gu
381,부산광역시립서동도서관,부산 금정구 서부로76번길 5-0,문화시설,문화생활시설기타,금정구,Geumjeong-gu
382,광명사,부산 금정구 금샘로17번안길 45-0,역사관광지,절,금정구,Geumjeong-gu
383,메가박스부산대,부산 금정구 장전로12번길 55-0,공연/행사,극장,금정구,Geumjeong-gu
384,금샘도서관,부산 금정구,문화시설,문화생활시설기타,금정구,Geumjeong-gu
385,부곡암,부산 금정구 윤산로 73-21,역사관광지,절,금정구,Geumjeong-gu
386,청련암,부산 금정구 범어사로 246-0,역사관광지,절,금정구,Geumjeong-gu
387,오륜대한국순교자박물관,부산 금정구 오륜대로 106-1,문화시설,박물관/기념관,금정구,Geumjeong-gu
388,금사락,부산 금정구 개좌로 162-0,공연/행사,공연장,금정구,Geumjeong-gu
389,탄생의신비관청소년성문화센터,부산 금정구 체육공원로399번길 324-0,문화시설,문화생활시설기타,금정구,Geumjeong-gu
390,초록마술극장,부산 금정구 기찰로108번길 49-0,공연/행사,극장,금정구,Geumjeong-gu
391,내원암,부산 금정구 범어사로 248-0,역사관광지,절,금정구,Geumjeong-gu
392,도원사,부산 금정구 북문로 139-0,역사관광지,절,금정구,Geumjeong-gu
393,보광정사,부산 금정구 반송로 440-9,역사관광지,절,금정구,Geumjeong-gu
394,예술공간Dot,부산 금정구 금샘로 35-0,문화시설,문화생활시설기타,금정구,Geumjeong-gu
395,아마빌레뮤직홀,부산 금정구 무학송로 144-0,문화시설,문화생활시설기타,금정구,Geumjeong-gu
396,캠퍼스디,부산 금정구 금사로 130-0,문화시설,문화생활시설기타,금정구,Geumjeong-gu
397,금정문화원,부산 금정구 중앙대로1826번길 10-4,문화시설,문화원,금정구,Geumjeong-gu
398,미리내작은도서관,부산 금정구 금강로347번길 32-0,문화시설,문화생활시설기타,금정구,Geumjeong-gu
399,호국사,부산 금정구 산성로 874-0,역사관광지,절,금정구,Geumjeong-gu
400,지장암,부산 금정구 범어사로 180-0,역사관광지,절,금정구,Geumjeong-gu
401,국청사,부산 금정구 북문로 42-0,역사관광지,절,금정구,Geumjeong-gu
402,대원정사,부산 금정구 중앙대로1944번길 13-0,역사관광지,절,금정구,Geumjeong-gu
403,미륵사,부산 금정구 북문로 126-0,역사관광지,절,금정구,Geumjeong-gu
404,증인아트홀,부산 금정구 장전온천천로113번길 17-0,문화시설,문화생활시설기타,금정구,Geumjeong-gu
405,무명사,부산 금정구 금샘로 473-0,역사관광지,절,금정구,Geumjeong-gu
406,금천선원,부산 금정구 금샘로 271-0,역사관광지,절,금정구,Geumjeong-gu
407,금정북파크,부산 금정구 중앙대로 1621-0,문화시설,문화생활시설기타,금정구,Geumjeong-gu
408,갤러리산,부산 금정구 범어사로 311-0,문화시설,화랑/전시관,금정구,Geumjeong-gu
409,아쿠아온,부산 금정구 수림로62번길 23-0,휴양관광지,수족관,금정구,Geumjeong-gu
410,금용사,부산 금정구 금샘로 201-0,역사관광지,절,금정구,Geumjeong-gu
411,요산문학관,부산 금정구 팔송로 60-6,문화시설,전시장,금정구,Geumjeong-gu
412,서동예술창작공간,부산 금정구 서동로149번길 8-0,문화시설,문화생활시설기타,금정구,Geumjeong-gu
413,청년창조발전소꿈터플러스,부산 금정구 금정로 63-1,문화시설,문화생활시설기타,금정구,Geumjeong-gu
414,덕운사,부산 금정구 동부곡로27번다길 15-0,역사관광지,절,금정구,Geumjeong-gu
415,청송암,부산 금정구 서곡로52번안길 36-4,역사관광지,절,금정구,Geumjeong-gu
416,만성암,부산 금정구 상마1길 53-0,역사관광지,절,금정구,Geumjeong-gu
417,대원사,부산 금정구 중앙대로 2383-26,역사관광지,절,금정구,Geumjeong-gu
418,아르코아트홀,부산 금정구 체육공원로19번길 5-0,공연/행사,공연장,금정구,Geumjeong-gu
419,보덕사,부산 금정구,역사관광지,절,금정구,Geumjeong-gu
420,법해사,부산 금정구 금샘로 405-0,역사관광지,절,금정구,Geumjeong-gu
421,범어사성보박물관,부산 금정구 범어사로 296-0,문화시설,박물관/기념관,금정구,Geumjeong-gu
422,범어사성보박물관,부산 금정구 범어사로 250-0,문화시설,박물관/기념관,금정구,Geumjeong-gu
423,성불사,부산 금정구 범어사로 58-46,역사관광지,절,금정구,Geumjeong-gu
424,금성암,부산 금정구 공해2길 102-0,역사관광지,절,금정구,Geumjeong-gu
425,수도사,부산 금정구 윤산로 135-0,역사관광지,절,금정구,Geumjeong-gu
426,대한불교혜일암,부산 금정구 대룡2길 22-0,역사관광지,절,금정구,Geumjeong-gu
427,천불정사,부산 금정구 금강로 230-9,역사관광지,절,금정구,Geumjeong-gu
428,사자암,부산 금정구 상마1길 26-0,역사관광지,절,금정구,Geumjeong-gu
429,킴스아트필드미술관,부산 금정구 죽전1길 29-0,문화시설,미술관,금정구,Geumjeong-gu
430,문수선원,부산 금정구 청룡예전로 100-0,역사관광지,절,금정구,Geumjeong-gu
431,남율사,부산 금정구 대두로29번길 16-0,역사관광지,절,금정구,Geumjeong-gu
432,회동동복합커뮤니티문화센터,부산 금정구 회천로5번길 2-0,문화시설,문화생활시설기타,금정구,Geumjeong-gu
433,대원사,부산 금정구 금정도서관로 60-0,역사관광지,절,금정구,Geumjeong-gu
434,범어사대웅전,부산 금정구 범어사로 250-0,역사관광지,문화유적지,금정구,Geumjeong-gu
435,원효사,부산 금정구 범어사로 58-75,역사관광지,절,금정구,Geumjeong-gu
436,금화사,부산 금정구 구서중앙로15번길 21-0,역사관광지,절,금정구,Geumjeong-gu
437,범어사조계문,부산 금정구 범어사로 250-0,역사관광지,문화유적지,금정구,Geumjeong-gu
438,머드레작은도서관,부산 금정구 범어천로52번길 25-3,문화시설,문화생활시설기타,금정구,Geumjeong-gu
439,금정아이꿈자람작은도서관,부산 금정구 금정로 29-6,문화시설,문화생활시설기타,금정구,Geumjeong-gu
440,호국사,부산 금정구 금샘로17번길 8-4,역사관광지,절,금정구,Geumjeong-gu
441,법전사,부산 금정구 중앙대로 2138-9,역사관광지,절,금정구,Geumjeong-gu
442,책마을보드랑작은도서관,부산 금정구 서동로 115-1,문화시설,문화생활시설기타,금정구,Geumjeong-gu
443,달마사,부산 금정구 부산대학로63번길 2-1,역사관광지,절,금정구,Geumjeong-gu
444,용천사,부산 금정구 작장1길 139-38,역사관광지,절,금정구,Geumjeong-gu
445,붐빌,부산 금정구 체육공원로 595-0,문화시설,문화생활시설기타,금정구,Geumjeong-gu
446,대성암,부산 금정구 범어사로 250-0,역사관광지,절,금정구,Geumjeong-gu
447,금정예술공연지원센터,부산 금정구 금강로 252-1,공연/행사,공연장,금정구,Geumjeong-gu
448,석림정사약사전,부산 금정구 윤산로 145-0,역사관광지,절,금정구,Geumjeong-gu
449,금정세대공감센터,부산 금정구 금정로 29-6,문화시설,문화생활시설기타,금정구,Geumjeong-gu
450,인터플레이클럽,부산 금정구 금정로 89-0,공연/행사,공연장,금정구,Geumjeong-gu
451,보광암,부산 금정구 산성로 946-0,역사관광지,절,금정구,Geumjeong-gu
452,섯골생활문화센터,부산 금정구 서곡로33번길 9-0,문화시설,문화생활시설기타,금정구,Geumjeong-gu
453,부산음악창작소,부산 금정구 금강로 252-1,문화시설,문화생활시설기타,금정구,Geumjeong-gu
454,꿈나래어린이극장,부산 금정구 체육공원로399번길 324-0,공연/행사,공연장,금정구,Geumjeong-gu
455,안심치유정원,부산 금정구 체육공원로 545-0,휴양관광지,동식물원,금정구,Geumjeong-gu
456,금샘마을도서관,부산 금정구 금강로 673-0,문화시설,문화생활시설기타,금정구,Geumjeong-gu
457,원광사,부산 금정구 금사로211번길 14-2,역사관광지,절,금정구,Geumjeong-gu
458,관음정사,부산 금정구 범어사로 322-0,역사관광지,절,금정구,Geumjeong-gu
459,셔우드아트홀,부산 금정구 금강로321번길 15-0,공연/행사,공연장,금정구,Geumjeong-gu
460,유법사,부산 금정구 북문로 24-0,역사관광지,절,금정구,Geumjeong-gu
461,관음사,부산 금정구 오륜대로 145-121,역사관광지,절,금정구,Geumjeong-gu
462,금강암,부산 금정구 범어사로 254-0,역사관광지,절,금정구,Geumjeong-gu
463,장전생활문화센터,부산 금정구 금강로335번길 27-0,문화시설,문화생활시설기타,금정구,Geumjeong-gu
464,무위암,부산 금정구 부산대학로63번길 2-1,역사관광지,절,금정구,Geumjeong-gu
465,불광사,부산 금정구 금샘로485번길 188-0,역사관광지,절,금정구,Geumjeong-gu
466,관음암,부산 금정구 청룡예전로96번길 17-0,역사관광지,절,금정구,Geumjeong-gu
467,노포동고분군,부산 금정구,역사관광지,문화유적지,금정구,Geumjeong-gu
468,아르코공연연습센터금정,부산 금정구 체육공원로 7-0,공연/행사,공연장,금정구,Geumjeong-gu
469,보현사,부산 금정구 온천장로125번길 68-0,역사관광지,절,금정구,Geumjeong-gu
470,혜일암,부산 금정구 대룡2길 22-0,역사관광지,절,금정구,Geumjeong-gu
471,상현재실,부산 금정구 상현로105번길 90-0,역사관광지,고택/생가/민속마을,금정구,Geumjeong-gu
472,정수암,부산 금정구 북문로 160-0,역사관광지,절,금정구,Geumjeong-gu
473,자갈치소극장,부산 금정구 부곡로 77-0,공연/행사,공연장,금정구,Geumjeong-gu
474,선불도량,부산 금정구 금샘로 531-0,역사관광지,절,금정구,Geumjeong-gu
475,샛별공방,부산 금정구 팔송로7번길 37-1,문화시설,문화생활시설기타,금정구,Geumjeong-gu
476,범어사등나무군생지,부산 금정구 범어사로 244-0,역사관광지,문화유적지,금정구,Geumjeong-gu
477,소소담갤러리,부산 금정구 상현로79번길 40-0,문화시설,화랑/전시관,금정구,Geumjeong-gu
478,재난안전체험관,부산 금정구 체육공원로399번길 324-0,문화시설,문화생활시설기타,금정구,Geumjeong-gu
479,회명사,부산 금정구 금샘로17번안길 41-0,역사관광지,절,금정구,Geumjeong-gu
480,금정스포원어린이작은도서관,부산 금정구 체육공원로399번길 324-0,문화시설,문화생활시설기타,금정구,Geumjeong-gu
481,아트스페이스리,부산 금정구 금샘로 30-1,문화시설,문화생활시설기타,금정구,Geumjeong-gu
482,리우,부산 금정구 온천장로 132-0,문화시설,문화생활시설기타,금정구,Geumjeong-gu
483,성불사,부산 금정구 금사로 135-0,역사관광지,절,금정구,Geumjeong-gu
484,법성사,부산 금정구,역사관광지,절,금정구,Geumjeong-gu
485,천기공자발동공건강센터,부산 금정구 오시게로54번길 12-0,문화시설,문화생활시설기타,금정구,Geumjeong-gu
486,은빛사랑채작은도서관,부산 금정구 서동로60번길 13-22,문화시설,문화생활시설기타,금정구,Geumjeong-gu
487,메이커라이브러리금정,부산 금정구 금정도서관로 33-0,문화시설,문화생활시설기타,금정구,Geumjeong-gu
488,원효암,부산 금정구 범어사로 256-0,역사관광지,절,금정구,Geumjeong-gu
489,대혜사,부산 금정구 금강로 466-1,역사관광지,절,금정구,Geumjeong-gu
490,부곡1동만화작은도서관,부산 금정구 동부곡로6번길 29-0,문화시설,문화생활시설기타,금정구,Geumjeong-gu
491,골굴사포교원,부산 금정구 식물원로75번길 20-0,역사관광지,절,금정구,Geumjeong-gu
492,계명암,부산 금정구 범어사로 244-0,역사관광지,절,금정구,Geumjeong-gu
493,수안정사,부산 금정구 금샘로 361-0,역사관광지,절,금정구,Geumjeong-gu
494,제이무브먼트갤러리,부산 금정구 동부곡로5번길 101-0,문화시설,화랑/전시관,금정구,Geumjeong-gu
495,회룡정사,부산 금정구 금샘로485번길 63-0,역사관광지,절,금정구,Geumjeong-gu
496,소정꿈나무작은도서관,부산 금정구 소정로 19-0,문화시설,문화생활시설기타,금정구,Geumjeong-gu
497,굴룽굴룽라탄작업실,부산 금정구 수림로75번길 2-1,문화시설,문화생활시설기타,금정구,Geumjeong-gu
498,연수암,부산 금정구 산성로 382-0,역사관광지,절,금정구,Geumjeong-gu
499,금용사,부산 금정구 회천로25번길 20-0,역사관광지,절,금정구,Geumjeong-gu
500,원효암,부산 금정구 범어사로 250-0,역사관광지,절,금정구,Geumjeong-gu
501,안국선문화원,부산 금정구 금단로 124-0,역사관광지,절,금정구,Geumjeong-gu
502,보운사,부산 금정구 서금로 107-1,역사관광지,절,금정구,Geumjeong-gu
503,용락암,부산 금정구 상마1길 54-0,역사관광지,절,금정구,Geumjeong-gu
504,대승사,부산 금정구 중앙대로1826번길 64-0,역사관광지,절,금정구,Geumjeong-gu
505,부산어린이대공원,부산 부산진구 새싹로 295-0,휴양관광지,테마파크,부산진구,Busanjin-gu
506,삼광사,부산 부산진구 초읍천로43번길 77-0,역사관광지,절,부산진구,Busanjin-gu
507,국립부산국악원,부산 부산진구 국악로 2-0,공연/행사,공연장,부산진구,Busanjin-gu
508,KT&G상상마당부산,부산 부산진구 서면로 39-0,문화시설,문화생활시설기타,부산진구,Busanjin-gu
509,선암사,부산 부산진구 백양산로 138-0,역사관광지,절,부산진구,Busanjin-gu
510,CGV서면,부산 부산진구 동천로 4-0,공연/행사,극장,부산진구,Busanjin-gu
511,부산광역시립시민도서관,부산 부산진구 월드컵대로 462-0,문화시설,문화생활시설기타,부산진구,Busanjin-gu
512,삼보게임랜드,부산 부산진구 서전로10번길 61-0,휴양관광지,놀이시설,부산진구,Busanjin-gu
513,부산광역시립부전도서관,부산 부산진구 동천로 79-0,문화시설,문화생활시설기타,부산진구,Busanjin-gu
514,CGV서면삼정타워,부산 부산진구 중앙대로 672-0,공연/행사,극장,부산진구,Busanjin-gu
515,성지곡수원지,부산 부산진구 새싹로 295-0,휴양관광지,유원지,부산진구,Busanjin-gu
516,놀이마루,부산 부산진구 전포대로209번길 26-0,문화시설,문화생활시설기타,부산진구,Busanjin-gu
517,호천문화플랫폼,부산 부산진구 엄광로 491-0,문화시설,문화생활시설기타,부산진구,Busanjin-gu
518,서면1번가,부산 부산진구 신천대로62번길 0-0,휴양관광지,놀거리기타,부산진구,Busanjin-gu
519,한국신발관,부산 부산진구 백양대로 227-0,문화시설,박물관/기념관,부산진구,Busanjin-gu
520,런닝맨부산점,부산 부산진구 중앙대로 672-0,휴양관광지,테마파크,부산진구,Busanjin-gu
521,정묘사,부산 부산진구,역사관광지,고택/생가/민속마을,부산진구,Busanjin-gu
522,LG디스커버리랩부산,부산 부산진구 새싹로 165-0,문화시설,과학관,부산진구,Busanjin-gu
523,롯데시네마서면,부산 부산진구 동천로 92-0,공연/행사,극장,부산진구,Busanjin-gu
524,롯데시네마부산본점,부산 부산진구 가야대로 772-0,공연/행사,극장,부산진구,Busanjin-gu
525,놀이똥산부산점,부산 부산진구 중앙대로 672-0,휴양관광지,테마파크,부산진구,Busanjin-gu
526,부산영어도서관,부산 부산진구 가야대로 734-0,문화시설,문화생활시설기타,부산진구,Busanjin-gu
527,감로사,부산 부산진구,역사관광지,절,부산진구,Busanjin-gu
528,송상현동상,부산 부산진구,역사관광지,기념비,부산진구,Busanjin-gu
529,호천생활문화센터,부산 부산진구 엄광로495번가길 36-0,문화시설,문화생활시설기타,부산진구,Busanjin-gu
530,보각사,부산 부산진구 안창로10번길 36-11,역사관광지,절,부산진구,Busanjin-gu
531,서면미술관,부산 부산진구 동천로 58-0,문화시설,미술관,부산진구,Busanjin-gu
532,부산진구어린이청소년도서관,부산 부산진구 백양순환로110번길 25-0,문화시설,문화생활시설기타,부산진구,Busanjin-gu
533,부산국제아트센터건축중(2023년개관예정),부산 부산진구 새싹로92번길 60-0,공연/행사,공연장,부산진구,Busanjin-gu
534,통도사부산포교원불지사,부산 부산진구 부전로140번길 25-0,역사관광지,절,부산진구,Busanjin-gu
535,홍제사,부산 부산진구 진남로304번길 34-0,역사관광지,절,부산진구,Busanjin-gu
536,대원사,부산 부산진구 가야공원로 110-0,역사관광지,절,부산진구,Busanjin-gu
537,CGV서면상상마당,부산 부산진구 서면로 39-0,공연/행사,극장,부산진구,Busanjin-gu
538,디렉팅아쿠아유토,부산 부산진구 성지로22번길 16-0,휴양관광지,수족관,부산진구,Busanjin-gu
539,가야사,부산 부산진구,역사관광지,절,부산진구,Busanjin-gu
540,LG연암기념관,부산 부산진구 새싹로 165-0,문화시설,박물관/기념관,부산진구,Busanjin-gu
541,부산통일관,부산 부산진구 초읍천로 113-10,문화시설,화랑/전시관,부산진구,Busanjin-gu
542,청년창조발전소디자인스프링,부산 부산진구 대학로36번길 10-0,문화시설,문화생활시설기타,부산진구,Busanjin-gu
543,신흥사,부산 부산진구 가야공원로 77-20,역사관광지,절,부산진구,Busanjin-gu
544,소민아트센터,부산 부산진구 서면문화로 14-0,문화시설,화랑/전시관,부산진구,Busanjin-gu
545,광명사,부산 부산진구 안창로14번길 46-0,역사관광지,절,부산진구,Busanjin-gu
546,천안사,부산 부산진구 백양산로54번길 72-0,역사관광지,절,부산진구,Busanjin-gu
547,보각사,부산 부산진구 안창로10번길 36-10,역사관광지,절,부산진구,Busanjin-gu
548,수도사,부산 부산진구 개금본동로66번길 34-7,역사관광지,절,부산진구,Busanjin-gu
549,보현정사,부산 부산진구 진사로 84-0,역사관광지,절,부산진구,Busanjin-gu
550,정정심인당,부산 부산진구 서전로 29-0,역사관광지,절,부산진구,Busanjin-gu
551,원각사,부산 부산진구 양정로 63-0,역사관광지,절,부산진구,Busanjin-gu
552,서면젊음의거리,부산 부산진구,휴양관광지,놀거리기타,부산진구,Busanjin-gu
553,불광사,부산 부산진구 초읍천로77번가길 72-0,역사관광지,절,부산진구,Busanjin-gu
554,부산진문화원,부산 부산진구 시민공원로19번길 28-0,문화시설,문화원,부산진구,Busanjin-gu
555,범천건강문화센터,부산 부산진구 신암로135번길 36-0,문화시설,문화생활시설기타,부산진구,Busanjin-gu
556,성도암,부산 부산진구 초읍천로 115-0,역사관광지,절,부산진구,Busanjin-gu
557,백일사,부산 부산진구 망양로945번길 26-0,역사관광지,절,부산진구,Busanjin-gu
558,멜팅포인트,부산 부산진구 서전로58번길 38-1,문화시설,문화생활시설기타,부산진구,Busanjin-gu
559,안국사,부산 부산진구 안창로72번길 64-31,역사관광지,절,부산진구,Busanjin-gu
560,천룡사,부산 부산진구 성지곡로33번길 45-10,역사관광지,절,부산진구,Busanjin-gu
561,부산커피박물관,부산 부산진구 동천로 70-0,문화시설,박물관/기념관,부산진구,Busanjin-gu
562,관음사,부산 부산진구 엄광로384번나길 72-0,역사관광지,절,부산진구,Busanjin-gu
563,정효사,부산 부산진구 엄광로 460-5,역사관광지,절,부산진구,Busanjin-gu
564,부산포민속박물관,부산 부산진구 중앙대로702번길 21-0,문화시설,박물관/기념관,부산진구,Busanjin-gu
565,극락사,부산 부산진구 초연로 23-6,역사관광지,절,부산진구,Busanjin-gu
566,전리단갤러리,부산 부산진구 서전로37번길 20-0,문화시설,화랑/전시관,부산진구,Busanjin-gu
567,보광원,부산 부산진구 진남로304번길 18-0,역사관광지,절,부산진구,Busanjin-gu
568,연화사,부산 부산진구 성지로14번길 77-0,역사관광지,절,부산진구,Busanjin-gu
569,여여선원,부산 부산진구 동평로420번길 18-0,역사관광지,절,부산진구,Busanjin-gu
570,기봉사,부산 부산진구 진남로328번길 70-0,역사관광지,절,부산진구,Busanjin-gu
571,태광암,부산 부산진구 개금본동로17번길 60-0,역사관광지,절,부산진구,Busanjin-gu
572,민들레가있는작은도서관,부산 부산진구 서전로68번길 29-5,문화시설,문화생활시설기타,부산진구,Busanjin-gu
573,보련사,부산 부산진구 성지로114번길 55-6,역사관광지,절,부산진구,Busanjin-gu
574,아이존팝부산서면점,부산 부산진구 중앙대로 704-0,휴양관광지,놀이시설,부산진구,Busanjin-gu
575,더파크,부산 부산진구 새싹로 295-0,휴양관광지,동식물원,부산진구,Busanjin-gu
576,뽀로로도서관,부산 부산진구,문화시설,문화생활시설기타,부산진구,Busanjin-gu
577,고운사,부산 부산진구 양정로 52-112,역사관광지,절,부산진구,Busanjin-gu
578,옥수정사,부산 부산진구 양정로 88-60,역사관광지,절,부산진구,Busanjin-gu
579,작당감,부산 부산진구 백양순환로119번길 9-0,문화시설,문화생활시설기타,부산진구,Busanjin-gu
580,화지사,부산 부산진구 동평로 335-0,역사관광지,절,부산진구,Busanjin-gu
581,부전도서관지하철북카페,부산 부산진구 서전로 40-0,문화시설,문화생활시설기타,부산진구,Busanjin-gu
582,대각사,부산 부산진구 당감서로 171-0,역사관광지,절,부산진구,Busanjin-gu
583,대원정사,부산 부산진구 성지로94번길 151-17,역사관광지,절,부산진구,Busanjin-gu
584,아쿠아윌 트렌치002,부산 부산진구 성지로 98-1,휴양관광지,수족관,부산진구,Busanjin-gu
585,부산상공회의소전시실,부산 부산진구 황령대로 24-0,문화시설,전시장,부산진구,Busanjin-gu
586,국립부산국악원소극장,부산 부산진구 국악로 2-0,공연/행사,공연장,부산진구,Busanjin-gu
587,보현정사,부산 부산진구 양정로 90-3,역사관광지,절,부산진구,Busanjin-gu
588,퀸맵스튜디오,부산 부산진구 동천로108번길 11-0,문화시설,문화생활시설기타,부산진구,Busanjin-gu
589,부산전포동구상반려암,부산 부산진구,역사관광지,문화유적지,부산진구,Busanjin-gu
590,금산사,부산 부산진구 개금본동로 32-4,역사관광지,절,부산진구,Busanjin-gu
591,여여정사,부산 부산진구 엄광로248번길 32-0,역사관광지,절,부산진구,Busanjin-gu
592,감고개작은도서관,부산 부산진구 가야대로548번길 109-0,문화시설,문화생활시설기타,부산진구,Busanjin-gu
593,오즈홀1관,부산 부산진구 부전로 94-0,공연/행사,공연장,부산진구,Busanjin-gu
594,동천문화홀,부산 부산진구 중앙대로666번길 50-0,문화시설,문화생활시설기타,부산진구,Busanjin-gu
595,상원사,부산 부산진구 엄광로412번길 19-0,역사관광지,절,부산진구,Busanjin-gu
596,부산진구여성가족문화센터,부산 부산진구 백양대로 160-0,문화시설,문화생활시설기타,부산진구,Busanjin-gu
597,보명사,부산 부산진구 진남로304번길 19-0,역사관광지,절,부산진구,Busanjin-gu
598,히어로보드게임카페부산서면점,부산 부산진구 중앙대로 672-0,휴양관광지,놀이시설,부산진구,Busanjin-gu
599,보현사,부산 부산진구 동성로71번길 13-0,역사관광지,절,부산진구,Busanjin-gu
600,성지문화원,부산 부산진구 동평로94번길 28-0,문화시설,문화생활시설기타,부산진구,Busanjin-gu
601,블라썸제이공방,부산 부산진구 전포대로 225-0,문화시설,문화생활시설기타,부산진구,Busanjin-gu
602,관음사,부산 부산진구 신천대로197번길 35-0,역사관광지,절,부산진구,Busanjin-gu
603,금성사,부산 부산진구 엄광로62번길 70-2,역사관광지,절,부산진구,Busanjin-gu
604,홍주갤러리,부산 부산진구 망양로945번길 44-0,문화시설,화랑/전시관,부산진구,Busanjin-gu
605,천은사,부산 부산진구 엄광로495번길 47-1,역사관광지,절,부산진구,Busanjin-gu
606,약광사,부산 부산진구 성지곡로 57-0,역사관광지,절,부산진구,Busanjin-gu
607,용해사,부산 부산진구,역사관광지,절,부산진구,Busanjin-gu
608,용암사,부산 부산진구 엄광로384번길 15-0,역사관광지,절,부산진구,Busanjin-gu
609,금련암,부산 부산진구,역사관광지,절,부산진구,Busanjin-gu
610,훈민정음 작은도서관,부산 부산진구 용사촌로 5-0,문화시설,문화생활시설기타,부산진구,Busanjin-gu
611,부산발전연구원 정보자료센터,부산 부산진구 중앙대로 955-0,문화시설,문화생활시설기타,부산진구,Busanjin-gu
612,대한불교조계종포교사단부산지역단,부산 부산진구 서면문화로 27-0,역사관광지,절,부산진구,Busanjin-gu
613,보은정사,부산 부산진구 서전로68번길 81-0,역사관광지,절,부산진구,Busanjin-gu
614,금성사,부산 부산진구 진남로328번길 175-0,역사관광지,절,부산진구,Busanjin-gu
615,롯데백화점 문화센터부산본점,부산 부산진구 가야대로 772-0,문화시설,문화생활시설기타,부산진구,Busanjin-gu
616,백양산홍법사,부산 부산진구 성지로94번가길 37-0,역사관광지,절,부산진구,Busanjin-gu
617,김종식미술관제2전시장,부산 부산진구 성지로 55-0,문화시설,미술관,부산진구,Busanjin-gu
618,용남사,부산 부산진구 가야대로572번가길 4-0,역사관광지,절,부산진구,Busanjin-gu
619,김재춘미술관,부산 부산진구 냉정로 215-0,문화시설,미술관,부산진구,Busanjin-gu
620,짱오락실부산삼정타워점,부산 부산진구 중앙대로 672-0,휴양관광지,놀이시설,부산진구,Busanjin-gu
621,CGV대한,부산 부산진구 중앙대로692번길 16-0,공연/행사,극장,부산진구,Busanjin-gu
622,석불암,부산 부산진구 월드컵대로449번길 26-2,역사관광지,절,부산진구,Busanjin-gu
623,선암사문화교육관,부산 부산진구 백양산로 138-0,문화시설,화랑/전시관,부산진구,Busanjin-gu
624,안양사,부산 부산진구 신암로71번길 19-0,역사관광지,절,부산진구,Busanjin-gu
625,화종암,부산 부산진구 백양산로 90-30,역사관광지,절,부산진구,Busanjin-gu
626,롯데호텔부산롯데아트홀,부산 부산진구 가야대로 772-0,공연/행사,공연장,부산진구,Busanjin-gu
627,찬누리작은도서관,부산 부산진구 백양산로 70-0,문화시설,문화생활시설기타,부산진구,Busanjin-gu
628,개금다락방,부산 부산진구 복지로41번길 53-0,문화시설,문화생활시설기타,부산진구,Busanjin-gu
629,보은사,부산 부산진구,역사관광지,절,부산진구,Busanjin-gu
630,대승미륵사,부산 부산진구 엄광로256번길 9-0,역사관광지,절,부산진구,Busanjin-gu
631,청목수목원,부산 부산진구 양성로6번길 53-0,휴양관광지,동식물원,부산진구,Busanjin-gu
632,허심청,부산 동래구 온천장로107번길 32-0,휴양관광지,온천,동래구,Dongnae-gu
633,충렬사,부산 동래구 충렬대로 345-0,역사관광지,문화유적지,동래구,Dongnae-gu
634,복천박물관,부산 동래구 복천로 63-0,문화시설,박물관/기념관,동래구,Dongnae-gu
635,CGV동래,부산 동래구 중앙대로 1523-0,공연/행사,극장,동래구,Dongnae-gu
636,금강식물원,부산 동래구 우장춘로 221-0,휴양관광지,동식물원,동래구,Dongnae-gu
637,부산해양자연사박물관,부산 동래구 우장춘로 175-0,문화시설,박물관/기념관,동래구,Dongnae-gu
638,부산광역시립명장도서관,부산 동래구 명안로46번길 35-0,문화시설,문화생활시설기타,동래구,Dongnae-gu
639,우장춘기념관,부산 동래구 우장춘로62번길 7-0,문화시설,박물관/기념관,동래구,Dongnae-gu
640,롯데시네마동래,부산 동래구 중앙대로 1393-0,공연/행사,극장,동래구,Dongnae-gu
641,동래읍성도서관,부산 동래구 동래로159번길 153-0,문화시설,문화생활시설기타,동래구,Dongnae-gu
642,안락누리도서관,부산 동래구 명안로10번길 64-0,문화시설,문화생활시설기타,동래구,Dongnae-gu
643,글로빌아트홀,부산 동래구 사직북로48번길 162-0,공연/행사,공연장,동래구,Dongnae-gu
644,동래향교,부산 동래구 동래로 103-0,역사관광지,문화유적지,동래구,Dongnae-gu
645,부산민속예술관,부산 동래구 우장춘로 195-46,문화시설,문화생활시설기타,동래구,Dongnae-gu
646,경수원,부산 동래구 금강로25번길 7-0,역사관광지,절,동래구,Dongnae-gu
647,동래읍성지,부산 동래구,역사관광지,문화유적지,동래구,Dongnae-gu
648,정각사,부산 동래구 시실로 19-9,역사관광지,절,동래구,Dongnae-gu
649,부산복천동고분군,부산 동래구 복천로 66-0,역사관광지,능묘,동래구,Dongnae-gu
650,아트케이갤러리,부산 동래구 차밭골로50번길 22-0,문화시설,화랑/전시관,동래구,Dongnae-gu
651,금강사,부산 동래구 우장춘로 211-0,역사관광지,절,동래구,Dongnae-gu
652,법륜사,부산 동래구 동래로 162-0,역사관광지,절,동래구,Dongnae-gu
653,금강대옥불사,부산 동래구 만덕고개길 335-30,역사관광지,절,동래구,Dongnae-gu
654,동래읍성역사관,부산 동래구 동래역사관길 18-0,문화시설,화랑/전시관,동래구,Dongnae-gu
655,금불암,부산 동래구 명장로63번길 90-25,역사관광지,절,동래구,Dongnae-gu
656,어반브릿지,부산 동래구 충렬대로237번길 28-0,문화시설,문화생활시설기타,동래구,Dongnae-gu
657,온고지신작은도서관,부산 동래구 충렬대로126번길 39-0,문화시설,문화생활시설기타,동래구,Dongnae-gu
658,도솔사,부산 동래구 쇠미로217번길 80-0,역사관광지,절,동래구,Dongnae-gu
659,자비암,부산 동래구 복천로5번가길 46-0,역사관광지,절,동래구,Dongnae-gu
660,원광사,부산 동래구 쇠미로 3-22,역사관광지,절,동래구,Dongnae-gu
661,명륜심인당,부산 동래구 시실로24번길 56-0,역사관광지,절,동래구,Dongnae-gu
662,효자암,부산 동래구 구만덕로 285-36,역사관광지,절,동래구,Dongnae-gu
663,전등사,부산 동래구 동래로215번가길 22-13,역사관광지,절,동래구,Dongnae-gu
664,원광사,부산 동래구 금정마을로 30-0,역사관광지,절,동래구,Dongnae-gu
665,인생문,부산 동래구,역사관광지,문화유적지,동래구,Dongnae-gu
666,동래패총,부산 동래구,역사관광지,문화유적지,동래구,Dongnae-gu
667,동래읍성임진왜란역사관,부산 동래구 충렬대로 지하 223-0,문화시설,박물관/기념관,동래구,Dongnae-gu
668,금정선원,부산 동래구 우장춘로 157-59,역사관광지,절,동래구,Dongnae-gu
669,이주홍문학관,부산 동래구 금강로61번길 20-12,문화시설,전시장,동래구,Dongnae-gu
670,웨이브코랄,부산 동래구 충렬대로410번길 25-0,휴양관광지,수족관,동래구,Dongnae-gu
671,용문사,부산 동래구 온천천로 321-0,역사관광지,절,동래구,Dongnae-gu
672,동명사,부산 동래구 만덕고개길 402-0,역사관광지,절,동래구,Dongnae-gu
673,도림사,부산 동래구,역사관광지,절,동래구,Dongnae-gu
674,동래문화원,부산 동래구 문화로 80-0,문화시설,문화원,동래구,Dongnae-gu
675,옥련암,부산 동래구 쇠미로129번길 102-27,역사관광지,절,동래구,Dongnae-gu
676,지장본원사,부산 동래구 시실로107번길 27-0,역사관광지,절,동래구,Dongnae-gu
677,에코아트아쿠아,부산 동래구 석사북로 55-0,휴양관광지,수족관,동래구,Dongnae-gu
678,동래부동헌,부산 동래구 명륜로112번길 61-0,역사관광지,문화유적지,동래구,Dongnae-gu
679,현지사,부산 동래구 중앙대로 1325-0,역사관광지,절,동래구,Dongnae-gu
680,보림사,부산 동래구 쇠미로81번길 28-0,역사관광지,절,동래구,Dongnae-gu
681,팔금산미술관,부산 동래구 충렬대로107번길 104-0,문화시설,미술관,동래구,Dongnae-gu
682,열린아트홀,부산 동래구 온천장로 7-0,공연/행사,공연장,동래구,Dongnae-gu
683,현화사,부산 동래구 우장춘로67번길 68-0,역사관광지,절,동래구,Dongnae-gu
684,천태암,부산 동래구 쇠미로129번길 102-6,역사관광지,절,동래구,Dongnae-gu
685,소림사,부산 동래구 우장춘로 177-52,역사관광지,절,동래구,Dongnae-gu
686,법상사,부산 동래구 금정마을로77번길 10-7,역사관광지,절,동래구,Dongnae-gu
687,풀잎문화센터동래교실,부산 동래구 충렬대로 186-0,문화시설,문화생활시설기타,동래구,Dongnae-gu
688,약수정사,부산 동래구 우장춘로 175-146,역사관광지,절,동래구,Dongnae-gu
689,대한불교조계종보탑사,부산 동래구 쇠미로129번길 143-51,역사관광지,절,동래구,Dongnae-gu
690,만불정사,부산 동래구 충렬대로335번길 15-0,역사관광지,절,동래구,Dongnae-gu
691,수가화랑,부산 동래구 차밭골로50번길 22-0,문화시설,화랑/전시관,동래구,Dongnae-gu
692,파베프로젝트,부산 동래구 중앙대로1333번길 42-4,문화시설,문화생활시설기타,동래구,Dongnae-gu
693,동학사,부산 동래구 쇠미로119번길 109-0,역사관광지,절,동래구,Dongnae-gu
694,수덕사,부산 동래구 쇠미로221번길 54-3,역사관광지,절,동래구,Dongnae-gu
695,누리문화센터,부산 동래구 충렬대로459번길 20-0,문화시설,문화생활시설기타,동래구,Dongnae-gu
696,동래온천 노천족탕,부산 동래구 금강공원로26번길 21-0,휴양관광지,온천,동래구,Dongnae-gu
697,소림사,부산 동래구,역사관광지,절,동래구,Dongnae-gu
698,길상암,부산 동래구 쇠미로119번길 76-0,역사관광지,절,동래구,Dongnae-gu
699,금어사,부산 동래구 우장춘로 155-32,역사관광지,절,동래구,Dongnae-gu
700,대덕사,부산 동래구 구만덕로 235-29,역사관광지,절,동래구,Dongnae-gu
701,천불암,부산 동래구 복천로 91-6,역사관광지,절,동래구,Dongnae-gu
702,송공단,부산 동래구 동래시장길 27-0,역사관광지,문화유적지,동래구,Dongnae-gu
703,1797팽나무하우스,부산 동래구 충렬대로256번길 31-0,문화시설,문화생활시설기타,동래구,Dongnae-gu
704,옥선사,부산 동래구 명서로 148-4,역사관광지,절,동래구,Dongnae-gu
705,황룡사,부산 동래구 복천로77번길 9-0,역사관광지,절,동래구,Dongnae-gu
706,포그니,부산 동래구 연안로59번길 99-0,문화시설,문화생활시설기타,동래구,Dongnae-gu
707,용수암,부산 동래구 쇠미로 179-0,역사관광지,절,동래구,Dongnae-gu
708,갤러리공감,부산 동래구 동래로136번길 14-0,문화시설,화랑/전시관,동래구,Dongnae-gu
709,무량정사,부산 동래구 온천장로125번길 41-3,역사관광지,절,동래구,Dongnae-gu
710,부산만불회포교원,부산 동래구 중앙대로 1523-0,역사관광지,절,동래구,Dongnae-gu
711,광명선원,부산 동래구 석사북로 106-0,역사관광지,절,동래구,Dongnae-gu
712,금강암,부산 동래구 명륜로 205-0,역사관광지,절,동래구,Dongnae-gu
713,성불사,부산 동래구 온천장로119번길 24-7,역사관광지,절,동래구,Dongnae-gu
714,내성사,부산 동래구 금정마을로139번가길 71-0,역사관광지,절,동래구,Dongnae-gu
715,반도성인게임방,부산 동래구 아시아드대로228번길 22-0,휴양관광지,놀이시설,동래구,Dongnae-gu
716,동래부동헌충신당,부산 동래구 명륜로112번길 61-0,역사관광지,절,동래구,Dongnae-gu
717,연화정사,부산 동래구 명안로18번길 97-0,역사관광지,절,동래구,Dongnae-gu
718,무량사,부산 동래구 복천로59번길 28-7,역사관광지,절,동래구,Dongnae-gu
719,정수사,부산 동래구 사직북로48번길 149-0,역사관광지,절,동래구,Dongnae-gu
720,충렬탑,부산 동래구,역사관광지,탑,동래구,Dongnae-gu
721,명신사,부산 동래구 호현길 30-1,역사관광지,절,동래구,Dongnae-gu
722,한국불교태고종연화사,부산 동래구 충렬대로256번가길 30-4,역사관광지,절,동래구,Dongnae-gu
723,미륵암,부산 동래구 복천로5번나길 24-0,역사관광지,절,동래구,Dongnae-gu
724,달마정사,부산 동래구 쇠미로 177-0,역사관광지,절,동래구,Dongnae-gu
725,허심청,부산 동래구 금강공원로20번길 23-0,휴양관광지,온천,동래구,Dongnae-gu
726,정수사,부산 동래구 구만덕로 285-43,역사관광지,절,동래구,Dongnae-gu
727,연화사,부산 동래구 쇠미로81번길 33-0,역사관광지,절,동래구,Dongnae-gu
728,대원사,부산 동래구 쇠미로129번길 45-0,역사관광지,절,동래구,Dongnae-gu
729,장관청,부산 동래구 명륜로94번길 36-6,역사관광지,문화유적지,동래구,Dongnae-gu
730,드림씨어터,부산 남구 전포대로 133-0,공연/행사,공연장,남구,Nam-gu
731,캐니언파크부산,부산 남구 전포대로 133-0,휴양관광지,동식물원,남구,Nam-gu
732,부산박물관,부산 남구 유엔평화로 63-0,문화시설,박물관/기념관,남구,Nam-gu
733,남구도서관,부산 남구 수영로267번길 61-0,문화시설,문화생활시설기타,남구,Nam-gu
734,CGV대연,부산 남구 수영로 305-0,공연/행사,극장,남구,Nam-gu
735,동명불원,부산 남구 동명로 57-0,역사관광지,절,남구,Nam-gu
736,부산문화회관대극장,부산 남구 유엔평화로76번길 1-0,공연/행사,공연장,남구,Nam-gu
737,부산예술회관,부산 남구 용소로 78-0,문화시설,문화생활시설기타,남구,Nam-gu
738,인각사,부산 남구 진남로 234-0,역사관광지,절,남구,Nam-gu
739,국립일제강제동원역사관,부산 남구 홍곡로320번길 100-0,문화시설,박물관/기념관,남구,Nam-gu
740,분포도서관,부산 남구 분포로 97-0,문화시설,문화생활시설기타,남구,Nam-gu
741,유엔평화기념관,부산 남구 홍곡로320번길 106-0,문화시설,박물관/기념관,남구,Nam-gu
742,신선대,부산 남구,역사관광지,문화유적지,남구,Nam-gu
743,감만창의문화촌,부산 남구 우암로 84-1,문화시설,문화생활시설기타,남구,Nam-gu
744,부산문화회관중극장,부산 남구 유엔평화로76번길 1-0,공연/행사,공연장,남구,Nam-gu
745,메트로랜드,부산 남구 분포로 66-14,휴양관광지,종합위락시설,남구,Nam-gu
746,성암사,부산 남구 진남로210번길 58-15,역사관광지,절,남구,Nam-gu
747,문수암,부산 남구 홍곡로336번길 37-1,역사관광지,절,남구,Nam-gu
748,가람아트홀,부산 남구 유엔평화로76번길 26-0,공연/행사,공연장,남구,Nam-gu
749,해바라기소극장,부산 남구 용소로13번길 30-0,공연/행사,공연장,남구,Nam-gu
750,백련사,부산 남구 이기대공원로 85-74,역사관광지,절,남구,Nam-gu
751,대연수목전시원,부산 남구 신선로447번길 24-0,문화시설,화랑/전시관,남구,Nam-gu
752,대동골문화센터,부산 남구 황령대로319번가길 147-0,문화시설,문화생활시설기타,남구,Nam-gu
753,분포문화체육센터,부산 남구 분포로 97-0,문화시설,문화생활시설기타,남구,Nam-gu
754,용천소극장,부산 남구 용소로13번길 36-1,문화시설,문화생활시설기타,남구,Nam-gu
755,부산증권박물관,부산 남구 전포대로 133-0,문화시설,박물관/기념관,남구,Nam-gu
756,나다소극장,부산 남구 용소로40번길 11-0,공연/행사,공연장,남구,Nam-gu
757,초콜릿팩토리,부산 남구 수영로 298-0,공연/행사,공연장,남구,Nam-gu
758,아모스아트홀,부산 남구 수영로 204-0,공연/행사,공연장,남구,Nam-gu
759,용화사,부산 남구 동명로169번길 46-34,역사관광지,절,남구,Nam-gu
760,부산문화회관사랑채극장,부산 남구 유엔평화로76번길 1-0,공연/행사,공연장,남구,Nam-gu
761,하늘바람소극장,부산 남구 용소로13번길 17-0,공연/행사,공연장,남구,Nam-gu
762,청년창조발전소고고씽잡,부산 남구 용소로46번길 7-0,문화시설,문화생활시설기타,남구,Nam-gu
763,우암사,부산 남구 장고개로 64-15,역사관광지,절,남구,Nam-gu
764,관해암,부산 남구 동제당로 199-0,역사관광지,절,남구,Nam-gu
765,지장사,부산 남구 솔밭로 23-0,역사관광지,절,남구,Nam-gu
766,홍법사,부산 남구 수영로69번가길 40-16,역사관광지,절,남구,Nam-gu
767,소원사,부산 남구 진남로96번길 56-0,역사관광지,절,남구,Nam-gu
768,호명사,부산 남구 지게골로168번길 29-0,역사관광지,절,남구,Nam-gu
769,남도심인당,부산 남구 남동천로 22-1,역사관광지,절,남구,Nam-gu
770,윌리스장난감박물관,부산 남구 못골로12번길 62-0,문화시설,박물관/기념관,남구,Nam-gu
771,해안사,부산 남구 진남로232번길 53-10,역사관광지,절,남구,Nam-gu
772,오륙도홍보관,부산 남구,문화시설,박물관/기념관,남구,Nam-gu
773,해성아트센터,부산 남구 분포로 101-0,문화시설,미술관,남구,Nam-gu
774,경성대학교콘서트홀,부산 남구 수영로 309-0,공연/행사,공연장,남구,Nam-gu
775,공간소극장,부산 남구 수영로 170-0,공연/행사,공연장,남구,Nam-gu
776,브니엘학습관문고,부산 남구 천제등로28번길 50-0,문화시설,문화생활시설기타,남구,Nam-gu
777,일광불원,부산 남구 분포로 66-30,역사관광지,절,남구,Nam-gu
778,부산점자도서관남구분관,부산 남구 수영로267번길 61-0,문화시설,문화생활시설기타,남구,Nam-gu
779,불용사,부산 남구 동명로117번길 35-11,역사관광지,절,남구,Nam-gu
780,대연정사,부산 남구 진남로69번길 8-0,역사관광지,절,남구,Nam-gu
781,불심원,부산 남구 수영로267번길 49-0,역사관광지,절,남구,Nam-gu
782,히어로보드게임카페경성대점,부산 남구 용소로8번길 10-0,휴양관광지,놀이시설,남구,Nam-gu
783,올맘도서관,부산 남구 수영로 345-0,문화시설,문화생활시설기타,남구,Nam-gu
784,불국정사,부산 남구 신선로 510-17,역사관광지,절,남구,Nam-gu
785,대연사,부산 남구 못골번영로 105-1,역사관광지,절,남구,Nam-gu
786,보은정사,부산 남구 홍곡로 269-0,역사관광지,절,남구,Nam-gu
787,산성교회문고,부산 남구 유엔로137번길 9-0,문화시설,문화생활시설기타,남구,Nam-gu
788,유치찬란키즈클래스,부산 남구 진남로 141-5,휴양관광지,놀이시설,남구,Nam-gu
789,연대사,부산 남구 진남로232번길 13-0,역사관광지,절,남구,Nam-gu
790,향림사,부산 남구 솔밭로 46-0,역사관광지,절,남구,Nam-gu
791,견성암,부산 남구 용호로231번길 128-47,역사관광지,절,남구,Nam-gu
792,들꽃이야기어린이도서관,부산 남구 수영로219번길 33-0,문화시설,문화생활시설기타,남구,Nam-gu
793,옥천암,부산 남구 황령대로90번길 93-53,역사관광지,절,남구,Nam-gu
794,유엔참전기념탑,부산 남구 못골로 15-0,역사관광지,기념비,남구,Nam-gu
795,윤형빈소극장,부산 남구 수영로 312-0,공연/행사,공연장,남구,Nam-gu
796,화성사,부산 남구 용주로 11-0,역사관광지,절,남구,Nam-gu
797,능가사,부산 남구 동제당로 148-0,역사관광지,절,남구,Nam-gu
798,러시아월드도서관,부산 남구 황령대로492번길 8-0,문화시설,문화생활시설기타,남구,Nam-gu
799,반야정사,부산 남구 수영로39번가길 17-5,역사관광지,절,남구,Nam-gu
800,금정사,부산 남구 지게골로108번길 13-1,역사관광지,절,남구,Nam-gu
801,신양기념관,부산 남구 수영로196번길 80-0,문화시설,박물관/기념관,남구,Nam-gu
802,동명불원홍승스님,부산 남구 신선로 428-0,역사관광지,절,남구,Nam-gu
803,법륜사,부산 남구 유엔평화로47번길 27-0,역사관광지,절,남구,Nam-gu
804,샘터꿈의도서관,부산 남구 조각공원로27번길 12-0,문화시설,문화생활시설기타,남구,Nam-gu
805,감만동미술관,부산 남구 홍곡로57번길 19-0,문화시설,미술관,남구,Nam-gu
806,LSM Ceramic Studio,부산 남구 용소로34번길 6-1,문화시설,문화생활시설기타,남구,Nam-gu
807,관음정사,부산 남구 고동골로72번길 16-2,역사관광지,절,남구,Nam-gu
808,천룡암,부산 남구 진남로 51-0,역사관광지,절,남구,Nam-gu
809,자본시장역사박물관,부산 남구 문현금융로 40-0,문화시설,박물관/기념관,남구,Nam-gu
810,소원사,부산 남구 진남로166번길 59-2,역사관광지,절,남구,Nam-gu
811,동명대메이커스페이스,부산 남구 용소로46번길 7-0,문화시설,문화생활시설기타,남구,Nam-gu
812,LG메트로 작은쌈지도서관,부산 남구 신선로 566-2,문화시설,문화생활시설기타,남구,Nam-gu
813,부산은행금융역사관,부산 남구 문현금융로 30-0,문화시설,박물관/기념관,남구,Nam-gu
814,부산예술관,부산 남구 유엔평화로76번길 26-0,문화시설,문화생활시설기타,남구,Nam-gu
815,부산도서관,부산 사상구 사상로310번길 33-0,문화시설,문화생활시설기타,사상구,Sasang-gu
816,롯데시네마사상,부산 사상구 사상로 201-0,공연/행사,극장,사상구,Sasang-gu
817,사상도서관,부산 사상구 덕상로72번길 9-0,문화시설,문화생활시설기타,사상구,Sasang-gu
818,사상구다누림센터,부산 사상구 가야대로196번길 51-0,문화시설,문화생활시설기타,사상구,Sasang-gu
819,운수사,부산 사상구 모라로219번길 173-0,역사관광지,절,사상구,Sasang-gu
820,여성문화회관,부산 사상구 학감대로 95-0,문화시설,문화생활시설기타,사상구,Sasang-gu
821,사상생활사박물관,부산 사상구 낙동대로1258번길 36-0,문화시설,박물관/기념관,사상구,Sasang-gu
822,주례반도보라아파트주민문화생활관,부산 사상구 백양대로 372-22,문화시설,문화생활시설기타,사상구,Sasang-gu
823,장안사,부산 사상구 엄궁북로4번안길 98-14,역사관광지,절,사상구,Sasang-gu
824,에메랄드사상해수온천,부산 사상구 새벽로202번길 10-0,휴양관광지,온천,사상구,Sasang-gu
825,부산점자도서관사상본관,부산 사상구 덕상로72번길 9-0,문화시설,문화생활시설기타,사상구,Sasang-gu
826,능인사,부산 사상구 백양대로 668-1,역사관광지,절,사상구,Sasang-gu
827,용운사,부산 사상구 덕상로 116-34,역사관광지,절,사상구,Sasang-gu
828,사상인디스테이션,부산 사상구 사상로 190-0,문화시설,문화생활시설기타,사상구,Sasang-gu
829,옥천사,부산 사상구 백양대로768번길 96-10,역사관광지,절,사상구,Sasang-gu
830,청심사,부산 사상구 주례로139번길 14-8,역사관광지,절,사상구,Sasang-gu
831,연홍사,부산 사상구,역사관광지,절,사상구,Sasang-gu
832,백운사,부산 사상구 모라로192번길 151-0,역사관광지,절,사상구,Sasang-gu
833,선광사,부산 사상구 백양대로804번길 42-123,역사관광지,절,사상구,Sasang-gu
834,523갤러리,부산 사상구 강변대로532번길 94-0,문화시설,문화생활시설기타,사상구,Sasang-gu
835,무속암,부산 사상구 백양대로804번길 42-79,역사관광지,절,사상구,Sasang-gu
836,관음사,부산 사상구 백양대로950번나길 80-42,역사관광지,절,사상구,Sasang-gu
837,위드플스,부산 사상구 가야대로366번길 7-0,휴양관광지,놀이시설,사상구,Sasang-gu
838,새밭행복센터,부산 사상구 대동로159번길 107-0,문화시설,문화생활시설기타,사상구,Sasang-gu
839,보불심인당,부산 사상구 사상로500번길 5-0,역사관광지,절,사상구,Sasang-gu
840,견강암,부산 사상구 백양대로934번길 52-35,역사관광지,절,사상구,Sasang-gu
841,화엄사,부산 사상구 엄궁로 70-38,역사관광지,절,사상구,Sasang-gu
842,감전골목문화놀이터,부산 사상구 괘감로 105-13,문화시설,문화생활시설기타,사상구,Sasang-gu
843,봉덕사,부산 사상구 백양대로768번길 63-7,역사관광지,절,사상구,Sasang-gu
844,도원사,부산 사상구 엄궁로 146-11,역사관광지,절,사상구,Sasang-gu
845,낙은사,부산 사상구 가야대로443번가길 88-4,역사관광지,절,사상구,Sasang-gu
846,해경사,부산 사상구 백양대로 954-8,역사관광지,절,사상구,Sasang-gu
847,승학사,부산 사상구 학감대로49번길 62-0,역사관광지,절,사상구,Sasang-gu
848,반야정사,부산 사상구 주감로 38-4,역사관광지,절,사상구,Sasang-gu
849,불광사,부산 사상구 백양대로 474-23,역사관광지,절,사상구,Sasang-gu
850,사상문화원,부산 사상구 가야대로196번길 51-0,문화시설,문화원,사상구,Sasang-gu
851,백운사,부산 사상구 양지로42번길 73-0,역사관광지,절,사상구,Sasang-gu
852,사상해수온천,부산 사상구 사상로223번길 55-0,휴양관광지,온천,사상구,Sasang-gu
853,성불사,부산 사상구 모라로141번길 0-0,역사관광지,절,사상구,Sasang-gu
854,칠보정사,부산 사상구 학감대로39번안길 15-17,역사관광지,절,사상구,Sasang-gu
855,용문사,부산 사상구 양지로30번길 111-0,역사관광지,절,사상구,Sasang-gu
856,천불암,부산 사상구 진사로 86-0,역사관광지,절,사상구,Sasang-gu
857,미륵사,부산 사상구 꽃마을로163번길 146-0,역사관광지,절,사상구,Sasang-gu
858,사상문화원,부산 사상구 학감대로 242-0,문화시설,문화원,사상구,Sasang-gu
859,도솔정사,부산 사상구 백양대로768번길 63-9,역사관광지,절,사상구,Sasang-gu
860,약수암,부산 사상구 백양대로804번길 42-57,역사관광지,절,사상구,Sasang-gu
861,약수암,부산 사상구 대동로 34-45,역사관광지,절,사상구,Sasang-gu
862,해광사,부산 사상구 백양대로506번길 63-0,역사관광지,절,사상구,Sasang-gu
863,여산선원,부산 사상구 새벽로 198-0,역사관광지,절,사상구,Sasang-gu
864,혜각사,부산 사상구 모라로192번길 69-26,역사관광지,절,사상구,Sasang-gu
865,백양암,부산 사상구 모라로219번길 1-51,역사관광지,절,사상구,Sasang-gu
866,무량사,부산 사상구 모라로 91-8,역사관광지,절,사상구,Sasang-gu
867,천진사,부산 사상구 백양대로768번길 115-53,역사관광지,절,사상구,Sasang-gu
868,햇살나무작은도서관,부산 사상구 모라로110번길 29-0,문화시설,문화생활시설기타,사상구,Sasang-gu
869,관음사,부산 사상구 동주로16번길 13-10,역사관광지,절,사상구,Sasang-gu
870,성불사,부산 사상구 대동로 34-46,역사관광지,절,사상구,Sasang-gu
871,부산현대미술관,부산 사하구 낙동남로 1191-0,문화시설,미술관,사하구,Saha-gu
872,다대도서관,부산 사하구 다대낙조2길 9-0,문화시설,문화생활시설기타,사하구,Saha-gu
873,부산광역시립사하도서관,부산 사하구 승학로 247-0,문화시설,문화생활시설기타,사하구,Saha-gu
874,CGV하단아트몰링,부산 사하구 낙동남로 1413-0,공연/행사,극장,사하구,Saha-gu
875,홍티예술촌,부산 사하구 홍티로 76-0,문화시설,문화생활시설기타,사하구,Saha-gu
876,성불사,부산 사하구 신산북로 51-0,역사관광지,절,사하구,Saha-gu
877,관음사,부산 사하구 제석로79번길 33-0,역사관광지,절,사하구,Saha-gu
878,몰운대유원지,부산 사하구,휴양관광지,유원지,사하구,Saha-gu
879,홍티아트센터,부산 사하구 다산로106번길 6-0,문화시설,문화생활시설기타,사하구,Saha-gu
880,해인정사,부산 사하구 승학로233번길 116-0,역사관광지,절,사하구,Saha-gu
881,두송생활문화센터,부산 사하구 다송로 59-0,문화시설,문화생활시설기타,사하구,Saha-gu
882,약수사,부산 사하구 감천로139번가길 41-0,역사관광지,절,사하구,Saha-gu
883,몰운대,부산 사하구,역사관광지,문화유적지,사하구,Saha-gu
884,정원사,부산 사하구 사리로70번길 64-0,역사관광지,절,사하구,Saha-gu
885,정각사,부산 사하구 제석로95번길 99-0,역사관광지,절,사하구,Saha-gu
886,보광암,부산 사하구 감천항로190번안길 35-0,역사관광지,절,사하구,Saha-gu
887,낫개작은도서관,부산 사하구,문화시설,문화생활시설기타,사하구,Saha-gu
888,낙동강문화관,부산 사하구 낙동남로1233번길 1-0,문화시설,문화원,사하구,Saha-gu
889,아미산자생식물원,부산 사하구,휴양관광지,동식물원,사하구,Saha-gu
890,당리작은도서관,부산 사하구 승학로20번길 25-0,문화시설,문화생활시설기타,사하구,Saha-gu
891,하단꿈길작은도서관,부산 사하구 동매로66번길 6-0,문화시설,문화생활시설기타,사하구,Saha-gu
892,수풀작은도서관,부산 사하구 다대로271번길 25-0,문화시설,문화생활시설기타,사하구,Saha-gu
893,감내어울터,부산 사하구 감내1로 200-0,문화시설,문화생활시설기타,사하구,Saha-gu
894,사하문화원,부산 사하구 낙동남로1233번길 25-0,문화시설,문화생활시설기타,사하구,Saha-gu
895,회화나무작은도서관,부산 사하구 사하로141번나길 11-1,문화시설,문화생활시설기타,사하구,Saha-gu
896,사리암,부산 사하구 사리로55번길 15-0,역사관광지,절,사하구,Saha-gu
897,구평예들작은도서관,부산 사하구 을숙도대로745번길 16-0,문화시설,문화생활시설기타,사하구,Saha-gu
898,마하골길벗작은도서관,부산 사하구 승학로161번길 80-0,문화시설,문화생활시설기타,사하구,Saha-gu
899,몰운대그린비치아파트작은도서관,부산 사하구 다대낙조2길 12-0,문화시설,문화생활시설기타,사하구,Saha-gu
900,감천문화마을작은박물관,부산 사하구 감내2로 191-0,문화시설,박물관/기념관,사하구,Saha-gu
901,남운정사,부산 사하구 다대로83번길 65-0,역사관광지,절,사하구,Saha-gu
902,한국문화센터부산사하지부,부산 사하구 승학로 23-1,문화시설,문화생활시설기타,사하구,Saha-gu
903,무지개작은도서관,부산 사하구 장림시장1길 40-0,문화시설,문화생활시설기타,사하구,Saha-gu
904,무학사,부산 사하구,역사관광지,절,사하구,Saha-gu
905,문수암,부산 사하구 윤공단로75번길 160-0,역사관광지,절,사하구,Saha-gu
906,수자원공사물문화관,부산 사하구 낙동남로1233번길 1-0,문화시설,문화생활시설기타,사하구,Saha-gu
907,을숙도생태공원야외학습장,부산 사하구 낙동남로1233번길 0-0,문화시설,문화생활시설기타,사하구,Saha-gu
908,보국사,부산 사하구 괴정로 193-1,역사관광지,절,사하구,Saha-gu
909,미타사,부산 사하구 다대로 106-0,역사관광지,절,사하구,Saha-gu
910,대웅정사,부산 사하구 승학로161번안길 54-0,역사관광지,절,사하구,Saha-gu
911,까치마을작은도서관,부산 사하구 까치고개로 50-10,문화시설,문화생활시설기타,사하구,Saha-gu
912,연화사,부산 사하구 오작로76번길 22-13,역사관광지,절,사하구,Saha-gu
913,꿈꾸는작은도서관,부산 사하구 하신번영로 155-0,문화시설,문화생활시설기타,사하구,Saha-gu
914,해동사,부산 사하구 다송로72번길 39-0,역사관광지,절,사하구,Saha-gu
915,윤공단,부산 사하구 윤공단로 112-0,역사관광지,문화유적지,사하구,Saha-gu
916,푸른누리작은도서관,부산 사하구 감천로83번길 26-0,문화시설,문화생활시설기타,사하구,Saha-gu
917,용화사,부산 사하구 감천항로190번길 47-7,역사관광지,절,사하구,Saha-gu
918,옥천사,부산 사하구 감천로157번길 7-27,역사관광지,절,사하구,Saha-gu
919,다대포워터파크,부산 사하구 다대로 698-0,휴양관광지,테마파크,사하구,Saha-gu
920,대한불교조계종미타사,부산 사하구 장평로301번길 29-0,역사관광지,절,사하구,Saha-gu
921,성불사,부산 사하구 다대로83번안길 39-0,역사관광지,절,사하구,Saha-gu
922,보타암,부산 사하구 승학로233번길 80-0,역사관광지,절,사하구,Saha-gu
923,노을나루길작은도서관,부산 사하구 하신번영로 377-0,문화시설,문화생활시설기타,사하구,Saha-gu
924,감천횃불작은도서관,부산 사하구 옥천로 48-8,문화시설,문화생활시설기타,사하구,Saha-gu
925,약천사,부산 사하구 윤공단로75번길 28-0,역사관광지,절,사하구,Saha-gu
926,보타사,부산 사하구 대티로77번길 8-0,역사관광지,절,사하구,Saha-gu
927,법륜사,부산 사하구 다대로 490-50,역사관광지,절,사하구,Saha-gu
928,용수암,부산 사하구 장림번영로28번길 66-0,역사관광지,절,사하구,Saha-gu
929,영통사,부산 사하구 마하로 84-2,역사관광지,절,사하구,Saha-gu
930,청룡사,부산 사하구 오작로 46-0,역사관광지,절,사하구,Saha-gu
931,다대포민속예술관,부산 사하구 다대동로 12-0,문화시설,문화생활시설기타,사하구,Saha-gu
932,두송작은도서관,부산 사하구 다대로429번길 30-0,문화시설,문화생활시설기타,사하구,Saha-gu
933,약수암,부산 사하구 감천로139번가길 41-0,역사관광지,절,사하구,Saha-gu
934,청안사,부산 사하구 까치고개로6번길 7-0,역사관광지,절,사하구,Saha-gu
935,로타리성인게임장,부산 사하구 하신중앙로 350-0,휴양관광지,놀이시설,사하구,Saha-gu
936,풀잎문화센터사하지부,부산 사하구 다대로 4-0,문화시설,문화생활시설기타,사하구,Saha-gu
937,미륵암,부산 사하구 옥천로76번길 51-0,역사관광지,절,사하구,Saha-gu
938,연화사,부산 사하구 승학로 97-5,역사관광지,절,사하구,Saha-gu
939,F1963,부산 수영구 구락로123번길 20-0,문화시설,문화생활시설기타,수영구,Suyeong-gu
940,현대모터스튜디오부산,부산 수영구 구락로123번길 20-0,문화시설,전시장,수영구,Suyeong-gu
941,부산MBC드림홀,부산 수영구 감포로8번길 69-0,공연/행사,공연장,수영구,Suyeong-gu
942,옥련선원,부산 수영구 광남로257번길 58-0,역사관광지,절,수영구,Suyeong-gu
943,비콘그라운드,부산 수영구 망미번영로 0-0,문화시설,문화생활시설기타,수영구,Suyeong-gu
944,수영구도서관,부산 수영구 남천서로 33-0,문화시설,문화생활시설기타,수영구,Suyeong-gu
945,수영구도서관 망미분관,부산 수영구 연수로315번길 23-0,문화시설,문화생활시설기타,수영구,Suyeong-gu
946,영주암,부산 수영구 망미배산로76번나길 15-0,역사관광지,절,수영구,Suyeong-gu
947,수영구어린이도서관,부산 수영구 장대골로 75-6,문화시설,문화생활시설기타,수영구,Suyeong-gu
948,금련사,부산 수영구 광일로 71-0,역사관광지,절,수영구,Suyeong-gu
949,엘레브,부산 수영구 수영로725번길 27-0,문화시설,문화생활시설기타,수영구,Suyeong-gu
950,오세암,부산 수영구 망미번영로 12-0,역사관광지,절,수영구,Suyeong-gu
951,장대골순교성지,부산 수영구,역사관광지,문화유적지,수영구,Suyeong-gu
952,국제갤러리부산점,부산 수영구 구락로123번길 20-0,문화시설,화랑/전시관,수영구,Suyeong-gu
953,고려제강기념관,부산 수영구 구락로141번길 63-0,문화시설,박물관/기념관,수영구,Suyeong-gu
954,부산전통예술관,부산 수영구 수영로521번길 63-0,문화시설,화랑/전시관,수영구,Suyeong-gu
955,F1963석천홀,부산 수영구 구락로123번길 20-0,공연/행사,공연장,수영구,Suyeong-gu
956,자석사,부산 수영구 광서로54번길 47-0,역사관광지,절,수영구,Suyeong-gu
957,백룡사,부산 수영구 망미배산로70번라길 20-0,역사관광지,절,수영구,Suyeong-gu
958,수영문화원,부산 수영구 광안해변로 219-0,문화시설,문화원,수영구,Suyeong-gu
959,세존사,부산 수영구 호암로 79-1,역사관광지,절,수영구,Suyeong-gu
960,부산메트로홀,부산 수영구 광안로 4-0,공연/행사,공연장,수영구,Suyeong-gu
961,미광화랑,부산 수영구 광남로172번길 2-0,문화시설,화랑/전시관,수영구,Suyeong-gu
962,우암사,부산 수영구 금련로 80-0,역사관광지,절,수영구,Suyeong-gu
963,숲속체험도서관,부산 수영구 황령산로7번길 60-0,문화시설,문화생활시설기타,수영구,Suyeong-gu
964,라움 프라다바코,부산 수영구 광안해변로370번길 9-8,문화시설,문화생활시설기타,수영구,Suyeong-gu
965,수영구생활문화센터,부산 수영구 광안해변로 219-0,문화시설,문화생활시설기타,수영구,Suyeong-gu
966,위아트부산점,부산 수영구 수영로 566-0,문화시설,화랑/전시관,수영구,Suyeong-gu
967,레몬트리소극장,부산 수영구 수영로 421-1,공연/행사,공연장,수영구,Suyeong-gu
968,호주암,부산 수영구 수영로521번가길 14-0,역사관광지,절,수영구,Suyeong-gu
969,비콘그라운드플레이그라운드,부산 수영구 망미번영로 86-2,문화시설,문화생활시설기타,수영구,Suyeong-gu
970,바이두룸가죽공예학원,부산 수영구 광일로 49-0,문화시설,문화생활시설기타,수영구,Suyeong-gu
971,온그루,부산 수영구 망미번영로 25-2,문화시설,문화생활시설기타,수영구,Suyeong-gu
972,이젤갤러리,부산 수영구 연수로335번길 22-0,문화시설,화랑/전시관,수영구,Suyeong-gu
973,수영구스포츠문화타운,부산 수영구 수영로521번길 77-0,문화시설,문화생활시설기타,수영구,Suyeong-gu
974,수영민속예술관,부산 수영구 수영성로 43-0,문화시설,문화생활시설기타,수영구,Suyeong-gu
975,비콘그라운드비콘스퀘어,부산 수영구 망미번영로 49-1,문화시설,문화생활시설기타,수영구,Suyeong-gu
976,엘림아트홀성악연구소,부산 수영구 광남로 121-0,문화시설,문화생활시설기타,수영구,Suyeong-gu
977,수영성마을박물관,부산 수영구 수영성로32번길 28-0,문화시설,박물관/기념관,수영구,Suyeong-gu
978,오브제후드,부산 수영구 좌수영로 135-0,문화시설,화랑/전시관,수영구,Suyeong-gu
979,비콘그라운드패밀리데크,부산 수영구 망미번영로 25-2,문화시설,문화생활시설기타,수영구,Suyeong-gu
980,좌수영성지,부산 수영구 수영성로 43-0,역사관광지,문화유적지,수영구,Suyeong-gu
981,황련사대한불교조계종,부산 수영구 수영로497번나길 25-0,역사관광지,절,수영구,Suyeong-gu
982,이웰갤러리센텀점,부산 수영구 민락수변로239번길 8-0,문화시설,화랑/전시관,수영구,Suyeong-gu
983,극락선원,부산 수영구 남천동로22번길 9-0,역사관광지,절,수영구,Suyeong-gu
984,금난새뮤직센터,부산 수영구 구락로123번길 20-0,공연/행사,공연장,수영구,Suyeong-gu
985,이영애갤러리,부산 수영구 광남로213번길 6-0,문화시설,화랑/전시관,수영구,Suyeong-gu
986,어댑터플레이스,부산 수영구 광안해변로 193-0,공연/행사,공연장,수영구,Suyeong-gu
987,워킹하우스뉴욕부산점,부산 수영구 좌수영로125번길 14-3,문화시설,화랑/전시관,수영구,Suyeong-gu
988,수영성남문,부산 수영구,역사관광지,문화유적지,수영구,Suyeong-gu
989,액터스소극장,부산 수영구 남천동로 7-0,공연/행사,공연장,수영구,Suyeong-gu
990,민족과여성역사관,부산 수영구 연수로 397-0,문화시설,화랑/전시관,수영구,Suyeong-gu
991,아리안갤러리,부산 수영구 광안해변로344번길 17-22,문화시설,화랑/전시관,수영구,Suyeong-gu
992,수영구어린이워터파크,부산 수영구 광안해변로 361-0,휴양관광지,놀이시설,수영구,Suyeong-gu
993,비콘그라운드아트갤러리,부산 수영구 망미번영로 105-1,문화시설,문화생활시설기타,수영구,Suyeong-gu
994,끼리프로젝트뮤지컬스튜디오,부산 수영구 연수로 366-0,공연/행사,공연장,수영구,Suyeong-gu
995,금강선원,부산 수영구 광남로 180-1,역사관광지,절,수영구,Suyeong-gu
996,마벨러스가죽공방,부산 수영구 연수로357번길 21-0,문화시설,문화생활시설기타,수영구,Suyeong-gu
997,가나아트갤러리,부산 수영구 좌수영로125번길 14-3,문화시설,화랑/전시관,수영구,Suyeong-gu
998,이스라엘하우스,부산 수영구 민락로33번길 5-0,문화시설,박물관/기념관,수영구,Suyeong-gu
999,티엘갤러리,부산 수영구 민락본동로 29-1,문화시설,화랑/전시관,수영구,Suyeong-gu
1000,숨도자공방,부산 수영구 수영로540번길 18-0,문화시설,문화생활시설기타,수영구,Suyeong-gu
1001,모모부띠끄,부산 수영구 광서로9번길 4-0,문화시설,문화생활시설기타,수영구,Suyeong-gu
1002,비콘그라운드쇼핑그라운드,부산 수영구 망미번영로 63-0,문화시설,문화생활시설기타,수영구,Suyeong-gu
1003,관음사,부산 수영구 광일로 79-8,역사관광지,절,수영구,Suyeong-gu
1004,비콘그라운드커뮤니티그라운드,부산 수영구 망미번영로 15-1,문화시설,문화생활시설기타,수영구,Suyeong-gu
1005,신금련산온천,부산 수영구 망미로30번길 32-0,휴양관광지,온천,수영구,Suyeong-gu
1006,금련암,부산 수영구 장대골로76번길 29-0,역사관광지,절,수영구,Suyeong-gu
1007,도원정사,부산 수영구 수영성로 21-7,역사관광지,절,수영구,Suyeong-gu
1008,갤러리하나,부산 수영구 수영성로 7-0,문화시설,화랑/전시관,수영구,Suyeong-gu
1009,서운암,부산 수영구 연수로310번길 102-0,역사관광지,절,수영구,Suyeong-gu
1010,용궁정사,부산 수영구,역사관광지,절,수영구,Suyeong-gu
1011,금강법기사,부산 수영구 망미번영로70번길 106-46,역사관광지,절,수영구,Suyeong-gu
1012,비콘그라운드B소셜그라운드1,부산 수영구 망미번영로 99-1,문화시설,문화생활시설기타,수영구,Suyeong-gu
1013,갤러리블루홀,부산 수영구 민락본동로11번길 21-0,문화시설,화랑/전시관,수영구,Suyeong-gu
1014,정과정유적지,부산 수영구,역사관광지,문화유적지,수영구,Suyeong-gu
1015,미월드(폐장),부산 수영구 광안해변로 361-0,휴양관광지,놀이시설,수영구,Suyeong-gu
1016,롯데시네마부산명지,부산 강서구 명지국제6로 107-0,공연/행사,극장,강서구,Gangseo-gu
1017,강서브라이트센터,부산 강서구 공항로811번길 10-0,문화시설,문화생활시설기타,강서구,Gangseo-gu
1018,부산강서기적의도서관,부산 강서구 명지오션시티10로 80-0,문화시설,문화생활시설기타,강서구,Gangseo-gu
1019,국회부산도서관건축중(2022년02월개관예정),부산 강서구 명지국제1로 161-0,문화시설,문화생활시설기타,강서구,Gangseo-gu
1020,청량사,부산 강서구 제도로 29-0,역사관광지,절,강서구,Gangseo-gu
1021,부산항홍보관,부산 강서구 신항로 96-87,문화시설,화랑/전시관,강서구,Gangseo-gu
1022,강서도서관,부산 강서구 공항로811번길 10-0,문화시설,문화생활시설기타,강서구,Gangseo-gu
1023,수능엄사,부산 강서구 낙동남로 754-16,역사관광지,절,강서구,Gangseo-gu
1024,CGV부산명지,부산 강서구 명지국제8로10번길 38-0,공연/행사,극장,강서구,Gangseo-gu
1025,부산자원순환협력센터,부산 강서구 생곡산단1로24번길 58-0,문화시설,전시장,강서구,Gangseo-gu
1026,정거마을문화거리,부산 강서구,휴양관광지,놀거리기타,강서구,Gangseo-gu
1027,가덕도굿당,부산 강서구 서천로42번길 52-123,역사관광지,절,강서구,Gangseo-gu
1028,지사도서관,부산 강서구 과학산단2로20번길 5-0,문화시설,문화생활시설기타,강서구,Gangseo-gu
1029,국회부산도서관건축중(2022년03월말개관예정),부산 강서구 명지국제1로 161-0,문화시설,문화생활시설기타,강서구,Gangseo-gu
1030,국회부산도서관건축중(2022년03월개관예정),부산 강서구 명지국제1로 161-0,문화시설,문화생활시설기타,강서구,Gangseo-gu
1031,성원아트홀,부산 강서구 명지오션시티4로 88-0,공연/행사,공연장,강서구,Gangseo-gu
1032,용평사,부산 강서구 낙동남로991번길 55-19,역사관광지,절,강서구,Gangseo-gu
1033,흥국사,부산 강서구 허왕후길 182-0,역사관광지,절,강서구,Gangseo-gu
1034,대성암,부산 강서구 낙동남로683번길 85-0,역사관광지,절,강서구,Gangseo-gu
1035,용적사,부산 강서구 생곡산단로39번길 24-0,역사관광지,절,강서구,Gangseo-gu
1036,길상사,부산 강서구 신촌소류지길 163-4,역사관광지,절,강서구,Gangseo-gu
1037,숭림사,부산 강서구 낙동남로 635-0,역사관광지,절,강서구,Gangseo-gu
1038,육주선원,부산 강서구 공항로1309번길 198-11,역사관광지,절,강서구,Gangseo-gu
1039,을숙도대교전망대교량역사관,부산 강서구 을숙도대로 96-0,문화시설,전시장,강서구,Gangseo-gu
1040,용화사,부산 강서구 낙동북로138번길 57-0,역사관광지,절,강서구,Gangseo-gu
1041,강서문화원,부산 강서구 대저로 254-0,문화시설,문화원,강서구,Gangseo-gu
1042,산양사,부산 강서구 낙동남로456번길 50-0,역사관광지,절,강서구,Gangseo-gu
1043,망산도유주암유주비각,부산 강서구,역사관광지,문화유적지,강서구,Gangseo-gu
1044,백암사,부산 강서구 상덕로97번가길 17-0,역사관광지,절,강서구,Gangseo-gu
1045,천성진성,부산 강서구,역사관광지,문화유적지,강서구,Gangseo-gu
1046,가덕도척화비,부산 강서구,역사관광지,문화유적지,강서구,Gangseo-gu
1047,보광사,부산 강서구 공항진입로 32-0,역사관광지,절,강서구,Gangseo-gu
1048,록봉민속교육박물관,부산 강서구 가덕해안로 741-0,문화시설,박물관/기념관,강서구,Gangseo-gu
1049,천용사,부산 강서구 낙동북로73번가길 134-0,역사관광지,절,강서구,Gangseo-gu
1050,수도암,부산 강서구 명동길 68-0,역사관광지,절,강서구,Gangseo-gu
1051,부산혜원학교 도서관,부산 강서구 공항로 1319-0,문화시설,문화생활시설기타,강서구,Gangseo-gu
1052,강서예술촌,부산 강서구 신노전로 63-0,문화시설,전시장,강서구,Gangseo-gu
1053,혜덕사,부산 강서구 가덕해안로1169번길 109-0,역사관광지,절,강서구,Gangseo-gu
1054,온누리문화센터,부산 강서구 명지국제8로 229-0,문화시설,문화생활시설기타,강서구,Gangseo-gu
1055,용화사,부산 강서구 울만로25번길 61-0,역사관광지,절,강서구,Gangseo-gu
1056,강서명지풀잎문화센터,부산 강서구 명지오션시티4로 82-0,문화시설,문화생활시설기타,강서구,Gangseo-gu
1057,강서열린커뮤니티센터,부산 강서구 공항로1309번길 83-22,문화시설,문화생활시설기타,강서구,Gangseo-gu
1058,해남사,부산 강서구 순아3구길 12-0,역사관광지,절,강서구,Gangseo-gu
1059,차곳,부산 강서구 공항앞길 209-0,문화시설,문화원,강서구,Gangseo-gu
1060,보련사포교원,부산 강서구 둔치강변길 728-0,역사관광지,절,강서구,Gangseo-gu
1061,가락도원,부산 강서구 수가로716번길 2-9,문화시설,문화생활시설기타,강서구,Gangseo-gu
1062,김해죽도왜성,부산 강서구,역사관광지,문화유적지,강서구,Gangseo-gu
1063,천성공부방문고,부산 강서구 가덕해안로821번길 90-1,문화시설,문화생활시설기타,강서구,Gangseo-gu
1064,문수암,부산 강서구 호계로 0-0,역사관광지,절,강서구,Gangseo-gu
1065,생곡동가달고분,부산 강서구,역사관광지,문화유적지,강서구,Gangseo-gu
1066,부산공항갤러리,부산 강서구 공항진입로 108-0,문화시설,화랑/전시관,강서구,Gangseo-gu
1067,보현사,부산 강서구 가락대로1397번길 0-0,역사관광지,절,강서구,Gangseo-gu
1068,낙동강아트홀건축중(2023년하반기준공예정),부산 강서구,공연/행사,공연장,강서구,Gangseo-gu
1069,성불암,부산 강서구 가덕해안로2번가길 106-28,역사관광지,절,강서구,Gangseo-gu
1070,부산항국제전시컨벤션센터,부산 동구 충장대로 206-0,문화시설,전시장,동구,Dong-gu
1071,차이나타운,부산 동구,휴양관광지,놀거리기타,동구,Dong-gu
1072,부산과학체험관,부산 동구 중앙대로260번길 11-0,문화시설,과학관,동구,Dong-gu
1073,부산광역시동구도서관,부산 동구 성북로36번길 54-0,문화시설,문화생활시설기타,동구,Dong-gu
1074,정란각,부산 동구 홍곡로 75-0,역사관광지,문화유적지,동구,Dong-gu
1075,금수사,부산 동구 망양로 533-1,역사관광지,절,동구,Dong-gu
1076,동구어린이영어도서관,부산 동구 수성로 21-0,문화시설,문화생활시설기타,동구,Dong-gu
1077,북항오페라하우스건축중(2022년05월완공예정),부산 동구,공연/행사,공연장,동구,Dong-gu
1078,북두칠성도서관,부산 동구 충장대로 160-0,문화시설,문화생활시설기타,동구,Dong-gu
1079,부산광역시립중앙도서관수정분관,부산 동구 홍곡로 53-0,문화시설,문화생활시설기타,동구,Dong-gu
1080,소림사,부산 동구 초량상로65번길 7-0,역사관광지,절,동구,Dong-gu
1081,충혼탑,부산 동구,역사관광지,탑,동구,Dong-gu
1082,조선통신사역사관,부산 동구 자성로 99-0,문화시설,박물관/기념관,동구,Dong-gu
1083,가온아트홀,부산 동구 자성로133번길 10-0,공연/행사,공연장,동구,Dong-gu
1084,안용복기념부산포개항문화관,부산 동구,문화시설,전시장,동구,Dong-gu
1085,일터소극장,부산 동구 자성로141번길 13-0,공연/행사,공연장,동구,Dong-gu
1086,묘심사,부산 동구 망양로 671-0,역사관광지,절,동구,Dong-gu
1087,연등사,부산 동구 좌천동로 17-3,역사관광지,절,동구,Dong-gu
1088,부산동구문화원,부산 동구 중앙대로349번길 20-0,문화시설,문화원,동구,Dong-gu
1089,정발장군동상,부산 동구 중앙대로 0-0,역사관광지,기념비,동구,Dong-gu
1090,갤러리수정,부산 동구 수정공원남로 28-0,문화시설,미술관,동구,Dong-gu
1091,보광사,부산 동구 범상로1번길 35-0,역사관광지,절,동구,Dong-gu
1092,범석심인당,부산 동구 구청로 19-0,역사관광지,절,동구,Dong-gu
1093,부산오페라하우스건축중(2024년하반기개관예정),부산 동구,공연/행사,공연장,동구,Dong-gu
1094,이바구공작소,부산 동구 망양로486번길 14-13,문화시설,문화생활시설기타,동구,Dong-gu
1095,자성대,부산 동구 자성로 99-0,역사관광지,문화유적지,동구,Dong-gu
1096,월봉사,부산 동구 망양로593번길 33-0,역사관광지,절,동구,Dong-gu
1097,망양로산복도로전시관,부산 동구 망양로 488-0,문화시설,화랑/전시관,동구,Dong-gu
1098,현불사부산선원,부산 동구 중앙대로180번길 16-2,역사관광지,절,동구,Dong-gu
1099,대명정사,부산 동구 망양로745번길 12-0,역사관광지,절,동구,Dong-gu
1100,반야사,부산 동구 범곡남로 23-0,역사관광지,절,동구,Dong-gu
1101,까꼬막,부산 동구 망양로596번길 18-0,문화시설,문화생활시설기타,동구,Dong-gu
1102,아란야,부산 동구 망양로873번길 15-0,역사관광지,절,동구,Dong-gu
1103,연화사,부산 동구 초량남로43번길 4-1,역사관광지,절,동구,Dong-gu
1104,신광사,부산 동구,역사관광지,절,동구,Dong-gu
1105,백운사,부산 동구 수정공원로105번길 28-9,역사관광지,절,동구,Dong-gu
1106,영가대,부산 동구 자성로 99-0,역사관광지,문화유적지,동구,Dong-gu
1107,무척사,부산 동구 망양로931번가길 1-0,역사관광지,절,동구,Dong-gu
1108,복합문화공간온뜰,부산 동구 초량상로157번길 19-0,문화시설,문화생활시설기타,동구,Dong-gu
1109,구봉사,부산 동구,역사관광지,절,동구,Dong-gu
1110,좌천생활문화센터,부산 동구 증산서로 18-1,문화시설,문화생활시설기타,동구,Dong-gu
1111,다보사,부산 동구 수정공원남로 15-0,역사관광지,절,동구,Dong-gu
1112,실상사,부산 동구 수정로68번길 7-0,역사관광지,절,동구,Dong-gu
1113,이중섭거리,부산 동구,휴양관광지,놀거리기타,동구,Dong-gu
1114,연화사,부산 동구 수정공원로105번길 16-0,역사관광지,절,동구,Dong-gu
1115,부산진일신여학교,부산 동구 정공단로17번길 17-0,역사관광지,문화유적지,동구,Dong-gu
1116,법천사,부산 동구 안창로21번길 32-0,역사관광지,절,동구,Dong-gu
1117,보광선원,부산 동구 초량중로 55-0,역사관광지,절,동구,Dong-gu
1118,석불사,부산 동구 증산로146번길 7-0,역사관광지,절,동구,Dong-gu
1119,원각사,부산 동구 수정공원로105번길 20-0,역사관광지,절,동구,Dong-gu
1120,백제1927,부산 동구 중앙대로209번길 16-0,역사관광지,문화유적지,동구,Dong-gu
1121,부산항북항홍보관,부산 동구 충장대로 206-0,문화시설,화랑/전시관,동구,Dong-gu
1122,정공단,부산 동구 정공단로 23-0,문화시설,박물관/기념관,동구,Dong-gu
1123,루미네수녀기념관,부산 동구 안창로 92-1,문화시설,박물관/기념관,동구,Dong-gu
1124,오색빛깔공방,부산 동구 안창로 57-0,문화시설,문화생활시설기타,동구,Dong-gu
1125,해명사,부산 동구 초량로108번길 19-0,역사관광지,절,동구,Dong-gu
1126,금강선원,부산 동구 망양로615번길 14-0,역사관광지,절,동구,Dong-gu
1127,전국회의장정의화기념관,부산 동구 초량상로 110-0,문화시설,박물관/기념관,동구,Dong-gu
1128,보경사,부산 동구 구봉남길 22-51,역사관광지,절,동구,Dong-gu
1129,천명사,부산 동구 수정공원남로 11-0,역사관광지,절,동구,Dong-gu
1130,매축지문화원,부산 동구 성남삼로33번길 5-0,문화시설,문화원,동구,Dong-gu
1131,부산진지성서문및성곽우주석,부산 동구 자성로 99-0,역사관광지,문화유적지,동구,Dong-gu
1132,해광사,부산 동구 수정공원로 81-1,역사관광지,절,동구,Dong-gu
1133,평화의 소녀상,부산 동구 고관로 18-0,역사관광지,기념비,동구,Dong-gu
1134,자비원,부산 동구 초량상로 90-1,역사관광지,절,동구,Dong-gu
1135,모크공방,부산 동구 자성로75번길 50-0,문화시설,문화생활시설기타,동구,Dong-gu
1136,성불암,부산 동구,역사관광지,절,동구,Dong-gu
1137,청룡사,부산 동구 망양로879번길 53-0,역사관광지,절,동구,Dong-gu
1138,관음사,부산 동구 망양로593번길 21-10,역사관광지,절,동구,Dong-gu
1139,화엄사,부산 동구,역사관광지,절,동구,Dong-gu
1140,초록우산어린이북카페,부산 동구 수정공원로 15-0,문화시설,문화생활시설기타,동구,Dong-gu
1141,마블익스피리언스부산,부산 동구 충장대로 206-0,문화시설,전시장,동구,Dong-gu
1142,대법륜사,부산 동구 망양로 663-1,역사관광지,절,동구,Dong-gu
1143,문화공간반달,부산 동구 증산서로 52-0,문화시설,문화생활시설기타,동구,Dong-gu
1144,상해거리,부산 동구,휴양관광지,놀거리기타,동구,Dong-gu
1145,대한불교조계종상선암,부산 동구 중앙대로221번길 30-0,역사관광지,절,동구,Dong-gu
1146,삼송정사,부산 동구 고관로33번길 22-0,역사관광지,절,동구,Dong-gu
1147,불정사,부산 동구 증산서로 20-9,역사관광지,절,동구,Dong-gu
1148,보각사,부산 동구 초량북로39번길 9-0,역사관광지,절,동구,Dong-gu
1149,성운암,부산 동구 증산서로 3-4,역사관광지,절,동구,Dong-gu
1150,화명도서관,부산 북구 화명대로12번길 59-0,문화시설,문화생활시설기타,북구,Buk-gu
1151,부산광역시립구포도서관,부산 북구 백양대로1016번다길 43-0,문화시설,문화생활시설기타,북구,Buk-gu
1152,금곡도서관,부산 북구 효열로203번길 34-0,문화시설,문화생활시설기타,북구,Buk-gu
1153,만덕도서관오픈예정(2021년11월말),부산 북구 은행나무로 26-0,문화시설,문화생활시설기타,북구,Buk-gu
1154,CGV화명,부산 북구 화명대로 16-0,공연/행사,극장,북구,Buk-gu
1155,부산어촌민속관,부산 북구 학사로 128-0,문화시설,박물관/기념관,북구,Buk-gu
1156,만덕도서관,부산 북구 은행나무로 26-0,문화시설,문화생활시설기타,북구,Buk-gu
1157,메가박스덕천,부산 북구 만덕대로 23-0,공연/행사,극장,북구,Buk-gu
1158,석불사,부산 북구 만덕고개길 143-79,역사관광지,절,북구,Buk-gu
1159,부산북구문화예술회관,부산 북구 금곡대로46번길 50-0,공연/행사,공연장,북구,Buk-gu
1160,구룡사,부산 북구 금곡대로 66-19,역사관광지,절,북구,Buk-gu
1161,상학작은도서관,부산 북구 상학산복길 215-0,문화시설,문화생활시설기타,북구,Buk-gu
1162,진홍사,부산 북구 효열로162번길 180-14,역사관광지,절,북구,Buk-gu
1163,금수사,부산 북구 시랑로185번길 20-0,역사관광지,절,북구,Buk-gu
1164,창조문화활력센터,부산 북구 백양대로 1167-0,문화시설,문화생활시설기타,북구,Buk-gu
1165,솔밭작은도서관,부산 북구 금곡대로324번길 29-0,문화시설,문화생활시설기타,북구,Buk-gu
1166,문화예술플랫폼,부산 북구 구포만세길 113-0,문화시설,문화생활시설기타,북구,Buk-gu
1167,금수선사,부산 북구 시랑로185번길 20-0,역사관광지,절,북구,Buk-gu
1168,무사이,부산 북구 산성로12번길 21-0,공연/행사,극장,북구,Buk-gu
1169,불암사,부산 북구 효열로162번길 180-22,역사관광지,절,북구,Buk-gu
1170,만덕사지,부산 북구,역사관광지,문화유적지,북구,Buk-gu
1171,맨발동무도서관,부산 북구 양달로 64-0,문화시설,문화생활시설기타,북구,Buk-gu
1172,미륵사,부산 북구 백양대로1016번길 71-0,역사관광지,절,북구,Buk-gu
1173,수월선원,부산 북구 금곡대로92번길 36-0,역사관광지,절,북구,Buk-gu
1174,옥천사,부산 북구 만덕1로104번가길 29-13,역사관광지,절,북구,Buk-gu
1175,장금선원,부산 북구 백양대로1074번길 5-15,역사관광지,절,북구,Buk-gu
1176,안심사,부산 북구 공해4길 98-100,역사관광지,절,북구,Buk-gu
1177,만덕사,부산 북구 덕천로386번길 47-18,역사관광지,절,북구,Buk-gu
1178,만덕사,부산 북구 구만덕로 63-13,역사관광지,절,북구,Buk-gu
1179,구포대리마을커뮤니티센터,부산 북구 백양대로1172번길 18-0,문화시설,문화생활시설기타,북구,Buk-gu
1180,수덕사,부산 북구 상학산복길 107-0,역사관광지,절,북구,Buk-gu
1181,화명선원,부산 북구 금곡대로 358-0,역사관광지,절,북구,Buk-gu
1182,관음사,부산 북구 팽나무로56번길 13-0,역사관광지,절,북구,Buk-gu
1183,스트릿624,부산 북구 백양대로 1167-0,문화시설,문화생활시설기타,북구,Buk-gu
1184,화명수목원숲속작은도서관,부산 북구 산성로 299-0,문화시설,문화생활시설기타,북구,Buk-gu
1185,법정사,부산 북구 덕천로386번길 47-17,역사관광지,절,북구,Buk-gu
1186,금용사,부산 북구 모분재로15번길 105-0,역사관광지,절,북구,Buk-gu
1187,여래원,부산 북구 산성로65번길 6-8,역사관광지,절,북구,Buk-gu
1188,불타사,부산 북구 낙동대로1766번길 43-0,역사관광지,절,북구,Buk-gu
1189,해인사부산포교당,부산 북구 백양대로 1014-0,역사관광지,절,북구,Buk-gu
1190,비로사,부산 북구 구만덕로59번가길 21-0,역사관광지,절,북구,Buk-gu
1191,다보사여래선원,부산 북구 시랑로83번길 40-8,역사관광지,절,북구,Buk-gu
1192,장금선원,부산 북구 낙동북로 684-0,역사관광지,절,북구,Buk-gu
1193,보광사,부산 북구 시랑로21번길 183-0,역사관광지,절,북구,Buk-gu
1194,금등사,부산 북구 만덕대로 325-13,역사관광지,절,북구,Buk-gu
1195,행복선원부산포교원,부산 북구 만덕대로102번가길 17-0,역사관광지,절,북구,Buk-gu
1196,쇼미더VR부산덕천점,부산 북구 덕천1길 37-0,휴양관광지,놀이시설,북구,Buk-gu
1197,덕화사,부산 북구 금곡대로 32-8,역사관광지,절,북구,Buk-gu
1198,진여원,부산 북구 낙동대로 1678-0,역사관광지,절,북구,Buk-gu
1199,북부산새마을금고다목적홀,부산 북구 만덕대로90번길 8-0,문화시설,문화생활시설기타,북구,Buk-gu
1200,마하사,부산 북구 구남로14번길 53-0,역사관광지,절,북구,Buk-gu
1201,성원사,부산 북구 덕천로 132-12,역사관광지,절,북구,Buk-gu
1202,대천친환경문화센터,부산 북구 양달로 64-0,문화시설,문화생활시설기타,북구,Buk-gu
1203,성불사,부산 북구 모분재로 34-0,역사관광지,절,북구,Buk-gu
1204,희망마을시랑골문화센터,부산 북구 시랑로185번길 47-0,문화시설,문화생활시설기타,북구,Buk-gu
1205,화방사,부산 북구 효열로 75-16,역사관광지,절,북구,Buk-gu
1206,더그랜드코리아,부산 북구 만덕3로 32-1,휴양관광지,수족관,북구,Buk-gu
1207,개슈,부산 북구 효열로 193-0,문화시설,문화생활시설기타,북구,Buk-gu
1208,불심사,부산 북구 시랑로 20-1,역사관광지,절,북구,Buk-gu
1209,대성사,부산 북구 구남로13번길 31-0,역사관광지,절,북구,Buk-gu
1210,정원암,부산 북구 의성로 58-0,역사관광지,절,북구,Buk-gu
1211,법성사,부산 북구 구만덕로80번길 37-0,역사관광지,절,북구,Buk-gu
1212,아세아극장,부산 북구 낙동대로 1704-0,공연/행사,극장,북구,Buk-gu
1213,낙양사,부산 북구 백양대로1050번길 31-1,역사관광지,절,북구,Buk-gu
1214,관음사,부산 북구 만덕대로178번길 7-0,역사관광지,절,북구,Buk-gu
1215,부산광역시립연산도서관,부산 연제구 고분로191번길 16-0,문화시설,문화생활시설기타,연제구,Yeonje-gu
1216,정수사,부산 연제구 톳고개로 60-0,역사관광지,절,연제구,Yeonje-gu
1217,연제도서관,부산 연제구 황령산로 612-0,문화시설,문화생활시설기타,연제구,Yeonje-gu
1218,혜원정사,부산 연제구 고분로68번길 47-0,역사관광지,절,연제구,Yeonje-gu
1219,마하사,부산 연제구 봉수로 138-0,역사관광지,절,연제구,Yeonje-gu
1220,CGV아시아드,부산 연제구 종합운동장로 7-0,공연/행사,극장,연제구,Yeonje-gu
1221,국제문화센터,부산 연제구 중앙대로 1217-0,문화시설,문화생활시설기타,연제구,Yeonje-gu
1222,HJ컨벤션센터부산점,부산 연제구 월드컵대로 190-0,문화시설,문화생활시설기타,연제구,Yeonje-gu
1223,보광사,부산 연제구 황령산로 482-0,역사관광지,절,연제구,Yeonje-gu
1224,연산동고분군,부산 연제구,역사관광지,능묘,연제구,Yeonje-gu
1225,배산작은도서관,부산 연제구 배산북로 8-0,문화시설,문화생활시설기타,연제구,Yeonje-gu
1226,연제문화원,부산 연제구 거제대로 180-0,문화시설,문화원,연제구,Yeonje-gu
1227,연제구복합문화센터,부산 연제구 거제대로 180-0,문화시설,문화생활시설기타,연제구,Yeonje-gu
1228,진여원부산정사,부산 연제구 반송로 47-0,역사관광지,절,연제구,Yeonje-gu
1229,문화공간향인,부산 연제구 교대로 12-0,문화시설,문화생활시설기타,연제구,Yeonje-gu
1230,황정사,부산 연제구 과정로260번길 4-0,역사관광지,절,연제구,Yeonje-gu
1231,한새갤러리,부산 연제구 교대로 24-0,문화시설,화랑/전시관,연제구,Yeonje-gu
1232,해맞이작은도서관,부산 연제구 해맞이로43번길 36-0,문화시설,문화생활시설기타,연제구,Yeonje-gu
1233,홍지사대원본전,부산 연제구 좌수영로 310-0,역사관광지,절,연제구,Yeonje-gu
1234,만수사,부산 연제구 화지로 85-0,역사관광지,절,연제구,Yeonje-gu
1235,금용암,부산 연제구 성지곡로 111-0,역사관광지,절,연제구,Yeonje-gu
1236,연화사,부산 연제구 경기장로 25-25,역사관광지,절,연제구,Yeonje-gu
1237,월륜사,부산 연제구 고분로 284-0,역사관광지,절,연제구,Yeonje-gu
1238,밤골작은도서관,부산 연제구 금련로24번길 33-0,문화시설,문화생활시설기타,연제구,Yeonje-gu
1239,여래선원,부산 연제구 월드컵대로188번길 12-2,역사관광지,절,연제구,Yeonje-gu
1240,솔벗작은도서관,부산 연제구 아시아드대로22번길 15-0,문화시설,문화생활시설기타,연제구,Yeonje-gu
1241,공덕사,부산 연제구 황령산로 497-1,역사관광지,절,연제구,Yeonje-gu
1242,한새뮤지엄,부산 연제구 교대로 24-0,문화시설,박물관/기념관,연제구,Yeonje-gu
1243,감천사,부산 연제구 묘봉산로 40-0,역사관광지,절,연제구,Yeonje-gu
1244,솔갤러리,부산 연제구 거제대로 180-0,문화시설,화랑/전시관,연제구,Yeonje-gu
1245,대적원,부산 연제구 중앙대로1226번길 30-0,역사관광지,절,연제구,Yeonje-gu
1246,대법사,부산 연제구 중앙대로1235번길 8-0,역사관광지,절,연제구,Yeonje-gu
1247,극락사,부산 연제구 토곡로 77-0,역사관광지,절,연제구,Yeonje-gu
1248,성불사,부산 연제구 월드컵대로20번길 20-0,역사관광지,절,연제구,Yeonje-gu
1249,무지크바움,부산 연제구 중앙대로 1225-0,공연/행사,공연장,연제구,Yeonje-gu
1250,선안사,부산 연제구 신금로5번길 18-0,역사관광지,절,연제구,Yeonje-gu
1251,생활선원,부산 연제구 과정로265번나길 16-0,역사관광지,절,연제구,Yeonje-gu
1252,수효사,부산 연제구,역사관광지,절,연제구,Yeonje-gu
1253,부산동의대순국경찰관추모비,부산 연제구 중앙대로 999-0,역사관광지,기념비,연제구,Yeonje-gu
1254,연제만화도서관건축중(2022년준공예정),부산 연제구 연미로13번길 11-0,문화시설,문화생활시설기타,연제구,Yeonje-gu
1255,영축선원,부산 연제구 과정로 168-0,역사관광지,절,연제구,Yeonje-gu
1256,해뜰작은도서관,부산 연제구 중앙대로1150번길 15-0,문화시설,문화생활시설기타,연제구,Yeonje-gu
1257,타워아트갤러리,부산 연제구 중앙대로 1067-0,문화시설,화랑/전시관,연제구,Yeonje-gu
1258,보국사,부산 연제구 고분로 131-4,역사관광지,절,연제구,Yeonje-gu
1259,터키문화원부산점,부산 연제구 월드컵대로 139-0,문화시설,문화원,연제구,Yeonje-gu
1260,마하사응진전목조석가여래좌상,부산 연제구 봉수로 138-0,역사관광지,문화유적지,연제구,Yeonje-gu
1261,캔들라떼,부산 연제구 쌍미천로7번길 22-0,문화시설,문화생활시설기타,연제구,Yeonje-gu
1262,아이마루 도서관,부산 연제구 미남로 5-0,문화시설,문화생활시설기타,연제구,Yeonje-gu
1263,혜원정사팔상도,부산 연제구 고분로68번길 47-0,역사관광지,문화유적지,연제구,Yeonje-gu
1264,아쿠아쉬림프,부산 연제구 쌍미천로84번길 3-0,휴양관광지,수족관,연제구,Yeonje-gu
1265,영취사,부산 연제구 중앙대로1076번길 30-0,역사관광지,절,연제구,Yeonje-gu
1266,천지암,부산 연제구 묘봉산로 51-1,역사관광지,절,연제구,Yeonje-gu
1267,도성암,부산 연제구 과정로 176-0,역사관광지,절,연제구,Yeonje-gu
1268,운고사,부산 연제구 황령산로543번길 58-0,역사관광지,절,연제구,Yeonje-gu
1269,용문사,부산 연제구 금련로62번길 65-0,역사관광지,절,연제구,Yeonje-gu
1270,가톨릭센터,부산 중구 중구로 71-0,문화시설,문화생활시설기타,중구,Jung-gu
1271,롯데시네마광복,부산 중구 중앙대로 2-0,공연/행사,극장,중구,Jung-gu
1272,BIFF광장,부산 중구,휴양관광지,놀거리기타,중구,Jung-gu
1273,부산광역시립중앙도서관,부산 중구 망양로193번길 146-0,문화시설,문화생활시설기타,중구,Jung-gu
1274,부산영화체험박물관,부산 중구 대청로126번길 12-0,문화시설,박물관/기념관,중구,Jung-gu
1275,메가박스부산극장본관,부산 중구 비프광장로 36-0,공연/행사,극장,중구,Jung-gu
1276,롯데시네마대영,부산 중구 비프광장로 37-0,공연/행사,극장,중구,Jung-gu
1277,대각사,부산 중구 광복중앙로 19-0,역사관광지,절,중구,Jung-gu
1278,조은극장1관,부산 중구 구덕로34번길 4-0,공연/행사,공연장,중구,Jung-gu
1279,민주공원민주항쟁기념관,부산 중구 민주공원길 19-0,문화시설,박물관/기념관,중구,Jung-gu
1280,CGV남포 휴점,부산 중구 비프광장로 18-0,공연/행사,극장,중구,Jung-gu
1281,백산기념관,부산 중구 백산길 11-0,문화시설,박물관/기념관,중구,Jung-gu
1282,고심정사,부산 중구 대청로135번길 20-0,역사관광지,절,중구,Jung-gu
1283,40계단문화관,부산 중구 동광길 49-0,문화시설,문화원,중구,Jung-gu
1284,보수동책방골목문화관,부산 중구 대청로 61-2,문화시설,문화원,중구,Jung-gu
1285,트릭아이뮤지엄부산,부산 중구 대청로126번길 12-0,문화시설,미술관,중구,Jung-gu
1286,40계단거리,부산 중구,휴양관광지,놀거리기타,중구,Jung-gu
1287,한성1918부산생활문화센터,부산 중구 백산길 13-0,문화시설,문화생활시설기타,중구,Jung-gu
1288,조은극장2관,부산 중구 구덕로34번길 4-0,공연/행사,공연장,중구,Jung-gu
1289,민주공원공연장,부산 중구 민주공원길 19-0,공연/행사,공연장,중구,Jung-gu
1290,미타선원,부산 중구 광복로77번길 5-0,역사관광지,절,중구,Jung-gu
1291,구박갤러리,부산 중구 보수대로 110-0,문화시설,화랑/전시관,중구,Jung-gu
1292,오픈스페이스배,부산 중구 동광길 43-0,문화시설,미술관,중구,Jung-gu
1293,추억보물섬,부산 중구 중구로23번길 9-0,문화시설,전시장,중구,Jung-gu
1294,글마루작은도서관,부산 중구 동영로 87-1,문화시설,문화생활시설기타,중구,Jung-gu
1295,BNK부산은행아트시네마,부산 중구 광복중앙로 13-0,공연/행사,극장,중구,Jung-gu
1296,보수동책방골목어린이도서관,부산 중구 대청로 57-16,문화시설,문화생활시설기타,중구,Jung-gu
1297,부산근현대역사박물관건축중(2022년완공예정),부산 중구 대청로 112-0,문화시설,박물관/기념관,중구,Jung-gu
1298,메가박스부산극장신관,부산 중구 비프광장로 28-0,공연/행사,극장,중구,Jung-gu
1299,청년작당소,부산 중구 광복중앙로 13-0,문화시설,문화생활시설기타,중구,Jung-gu
1300,용해선원,부산 중구 대청북길17번길 25-4,역사관광지,절,중구,Jung-gu
1301,박기종기념관,부산 중구 망양로 362-0,문화시설,박물관/기념관,중구,Jung-gu
1302,광원수족관,부산 중구 구덕로 28-0,휴양관광지,수족관,중구,Jung-gu
1303,BS부산은행갤러리,부산 중구 광복중앙로 13-0,문화시설,화랑/전시관,중구,Jung-gu
1304,부산BIFF거리,부산 중구,휴양관광지,놀거리기타,중구,Jung-gu
1305,금수현의음악살롱,부산 중구 망양로355번길 22-0,문화시설,문화생활시설기타,중구,Jung-gu
1306,국제시장609글로벌복합문화공간,부산 중구 중구로 28-0,문화시설,문화생활시설기타,중구,Jung-gu
1307,모퉁이극장,부산 중구 광복중앙로 13-0,공연/행사,극장,중구,Jung-gu
1308,부산세관박물관,부산 중구 충장대로 20-0,문화시설,박물관/기념관,중구,Jung-gu
1309,보문당화랑,부산 중구 대청로 132-0,문화시설,화랑/전시관,중구,Jung-gu
1310,용두산미타선원,부산 중구 광복로77번길 5-0,역사관광지,절,중구,Jung-gu
1311,보은사,부산 중구 망양로 413-3,역사관광지,절,중구,Jung-gu
1312,덕성사,부산 중구 망양로 409-0,역사관광지,절,중구,Jung-gu
1313,아카데미극장,부산 중구 비프광장로 12-0,공연/행사,극장,중구,Jung-gu
1314,색채마을,부산 중구 망양로 327-1,휴양관광지,놀거리기타,중구,Jung-gu
1315,한광미술관,부산 중구 중앙대로 130-0,문화시설,미술관,중구,Jung-gu
1316,대한해협전승비,부산 중구,역사관광지,기념비,중구,Jung-gu
1317,남포동새마을문고,부산 중구 구덕로 26-1,문화시설,문화생활시설기타,중구,Jung-gu
1318,쿵스게임랜드부산남포점,부산 중구 광복로39번길 6-0,휴양관광지,놀이시설,중구,Jung-gu
1319,성화사,부산 중구 흑교로78번길 17-0,역사관광지,절,중구,Jung-gu
1320,젊음의거리,부산 중구,휴양관광지,놀거리기타,중구,Jung-gu
1321,정수사,부산 중구 광복로97번길 11-0,역사관광지,절,중구,Jung-gu
1322,부산극장,부산 중구 비프광장로 36-0,공연/행사,극장,중구,Jung-gu
1323,한국문화센터남포지부,부산 중구 구덕로22번길 3-0,문화시설,문화생활시설기타,중구,Jung-gu
1324,핸드프린팅거리,부산 중구 비프광장로 40-0,휴양관광지,놀거리기타,중구,Jung-gu
1325,부산광역시중구문화원,부산 중구 복병산길 20-0,문화시설,문화원,중구,Jung-gu
1326,천룡사,부산 중구 보동길 14-0,역사관광지,절,중구,Jung-gu
1327,내원정사,부산 서구 엄광산로40번길 80-0,역사관광지,절,서구,Seo-gu
1328,임시수도기념관,부산 서구 임시수도기념로 45-0,문화시설,박물관/기념관,서구,Seo-gu
1329,부산광역시립구덕도서관,부산 서구 대신공원로 41-0,문화시설,문화생활시설기타,서구,Seo-gu
1330,알로이시오기지1968,부산 서구 감천로 237-0,문화시설,문화생활시설기타,서구,Seo-gu
1331,엄광산유아숲체험장,부산 서구 엄광산로 153-0,휴양관광지,동식물원,서구,Seo-gu
1332,락서암,부산 서구 망양로 227-3,역사관광지,절,서구,Seo-gu
1333,대한불교천태종정법사,부산 서구 구덕로345번길 12-0,역사관광지,절,서구,Seo-gu
1334,부산전통문화체험관,부산 서구 꽃마을로163번길 71-0,문화시설,문화생활시설기타,서구,Seo-gu
1335,칠보사,부산 서구 해돋이로109번길 17-0,역사관광지,절,서구,Seo-gu
1336,광성사,부산 서구 해돋이로 250-0,역사관광지,절,서구,Seo-gu
1337,부산광복기념관,부산 서구 망양로193번길 167-0,문화시설,박물관/기념관,서구,Seo-gu
1338,이태석신부기념관,부산 서구 천마로50번길 70-0,문화시설,박물관/기념관,서구,Seo-gu
1339,용주사,부산 서구 천마산로 263-0,역사관광지,절,서구,Seo-gu
1340,동아대학교부민캠퍼스석당미술관,부산 서구 구덕로 225-0,문화시설,미술관,서구,Seo-gu
1341,대법사,부산 서구 남부민로 28-0,역사관광지,절,서구,Seo-gu
1342,부산임시수도정부청사,부산 서구 구덕로 225-0,역사관광지,문화유적지,서구,Seo-gu
1343,구덕민속예술관,부산 서구 대신공원로 34-91,문화시설,전시장,서구,Seo-gu
1344,미부아트센터,부산 서구 암남공원로 82-0,문화시설,미술관,서구,Seo-gu
1345,어울림작은도서관,부산 서구 해돋이로 59-0,문화시설,문화생활시설기타,서구,Seo-gu
1346,천부암,부산 서구 천마산로 233-0,역사관광지,절,서구,Seo-gu
1347,홍은사,부산 서구 꽃마을로65번길 10-0,역사관광지,절,서구,Seo-gu
1348,관용사,부산 서구 천마산로209번길 12-0,역사관광지,절,서구,Seo-gu
1349,중생사,부산 서구 천마로 79-1,역사관광지,절,서구,Seo-gu
1350,문수사,부산 서구 해돋이로 227-0,역사관광지,절,서구,Seo-gu
1351,정제심인당,부산 서구 구덕로199번길 28-0,역사관광지,절,서구,Seo-gu
1352,칠보사,부산 서구 시약로117번길 17-5,역사관광지,절,서구,Seo-gu
1353,환희정사,부산 서구 천마산로 85-0,역사관광지,절,서구,Seo-gu
1354,아미문화학습관,부산 서구 천마산로 410-0,문화시설,문화생활시설기타,서구,Seo-gu
1355,부산서구문화원,부산 서구 까치고개로197번길 46-0,문화시설,문화원,서구,Seo-gu
1356,닥밭골행복문화나눔터,부산 서구 보동길278번길 15-0,문화시설,문화생활시설기타,서구,Seo-gu
1357,서구생활체육협의회,부산 서구,문화시설,문화생활시설기타,서구,Seo-gu
1358,묘법사,부산 서구 망양로195번길 7-10,역사관광지,절,서구,Seo-gu
1359,대원사,부산 서구 천마산로209번길 103-0,역사관광지,절,서구,Seo-gu
1360,대성사,부산 서구 옥천로 141-22,역사관광지,절,서구,Seo-gu
1361,이태석신부생가,부산 서구 해양로22번길 12-0,역사관광지,고택/생가/민속마을,서구,Seo-gu
1362,능엄정사,부산 서구 충무대로 64-0,역사관광지,절,서구,Seo-gu
1363,약천정사,부산 서구 보수대로320번길 19-0,역사관광지,절,서구,Seo-gu
1364,최민식갤러리,부산 서구 천마산로 410-0,문화시설,화랑/전시관,서구,Seo-gu
1365,힐세라믹,부산 서구 꽃마을로163번길 34-0,문화시설,문화생활시설기타,서구,Seo-gu
1366,천룡사,부산 서구 천마산로 255-33,역사관광지,절,서구,Seo-gu
1367,보타원,부산 서구 대티로179번길 35-0,역사관광지,절,서구,Seo-gu
1368,동아대학교 구덕캠퍼스 의학도서관,부산 서구 대신공원로 32-0,문화시설,문화생활시설기타,서구,Seo-gu
1369,꽃마을작은도서관,부산 서구 꽃마을로163번길 7-0,문화시설,문화생활시설기타,서구,Seo-gu
1370,천봉암,부산 서구 암남로78번길 25-5,역사관광지,절,서구,Seo-gu
1371,보국사,부산 서구 꽃마을로65번길 17-0,역사관광지,절,서구,Seo-gu
1372,내원정사수장묘법연화경,부산 서구,역사관광지,문화유적지,서구,Seo-gu
1373,묘심사,부산 서구 해돋이로95번길 6-5,역사관광지,절,서구,Seo-gu
1374,정제심인당,부산 서구 구덕로199번길 26-0,역사관광지,절,서구,Seo-gu
1375,삼자선원,부산 서구 구덕로150번길 9-0,역사관광지,절,서구,Seo-gu
1376,임시수도대통령관저,부산 서구 임시수도기념로 45-0,역사관광지,문화유적지,서구,Seo-gu
1377,자화정사,부산 서구 천마로113번길 16-1,역사관광지,절,서구,Seo-gu
1378,용문사,부산 서구 암남공원로 60-4,역사관광지,절,서구,Seo-gu
1379,금수암,부산 서구 꽃마을로87번길 18-0,역사관광지,절,서구,Seo-gu
1380,보문사,부산 서구 천마산로 227-0,역사관광지,절,서구,Seo-gu
1381,경남고등학교덕형도서관,부산 서구 망양로111번길 65-0,문화시설,문화생활시설기타,서구,Seo-gu
